,Distance,Sample
0,0.858928,Simulation
1,0.85958,Simulation
2,0.8596839999999997,Simulation
3,0.8622279999999999,Simulation
4,0.8604679999999997,Simulation
5,0.8550039999999999,Simulation
6,0.8622719999999999,Simulation
7,0.864332,Simulation
8,0.8547679999999996,Simulation
9,0.858928,Simulation
10,0.85966,Simulation
11,0.8623720000000001,Simulation
12,0.8614759999999999,Simulation
13,0.8640680000000002,Simulation
14,0.8624639999999998,Simulation
15,0.86094,Simulation
16,0.863432,Simulation
17,0.8604720000000001,Simulation
18,0.85958,Simulation
19,0.85966,Simulation
20,0.8586600000000002,Simulation
21,0.858988,Simulation
22,0.8627039999999999,Simulation
23,0.8580000000000001,Simulation
24,0.8548800000000001,Simulation
25,0.8632479999999997,Simulation
26,0.859036,Simulation
27,0.8596839999999997,Simulation
28,0.8623720000000001,Simulation
29,0.8586600000000002,Simulation
30,0.8659039999999998,Simulation
31,0.8627799999999997,Simulation
32,0.8597360000000001,Simulation
33,0.8590800000000001,Simulation
34,0.8639120000000001,Simulation
35,0.8634119999999998,Simulation
36,0.8622279999999999,Simulation
37,0.8614759999999999,Simulation
38,0.858988,Simulation
39,0.8659039999999998,Simulation
40,0.8609000000000002,Simulation
41,0.8608120000000001,Simulation
42,0.8624959999999999,Simulation
43,0.8611560000000001,Simulation
44,0.8632279999999999,Simulation
45,0.8604679999999997,Simulation
46,0.8640680000000002,Simulation
47,0.8627039999999999,Simulation
48,0.8627799999999997,Simulation
49,0.8609000000000002,Simulation
50,0.86316,Simulation
51,0.858076,Simulation
52,0.8604839999999999,Simulation
53,0.8635799999999999,Simulation
54,0.8550039999999999,Simulation
55,0.8624639999999998,Simulation
56,0.8580000000000001,Simulation
57,0.8597360000000001,Simulation
58,0.8608120000000001,Simulation
59,0.86316,Simulation
60,0.8609679999999996,Simulation
61,0.861504,Simulation
62,0.8569120000000001,Simulation
63,0.8622719999999999,Simulation
64,0.86094,Simulation
65,0.8548800000000001,Simulation
66,0.8590800000000001,Simulation
67,0.8624959999999999,Simulation
68,0.858076,Simulation
69,0.8609679999999996,Simulation
70,0.8657720000000003,Simulation
71,0.8573399999999998,Simulation
72,0.864332,Simulation
73,0.863432,Simulation
74,0.8632479999999997,Simulation
75,0.8639120000000001,Simulation
76,0.8611560000000001,Simulation
77,0.8604839999999999,Simulation
78,0.861504,Simulation
79,0.8657720000000003,Simulation
80,0.86568,Simulation
81,0.8547679999999996,Simulation
82,0.8604720000000001,Simulation
83,0.859036,Simulation
84,0.8634119999999998,Simulation
85,0.8632279999999999,Simulation
86,0.8635799999999999,Simulation
87,0.8569120000000001,Simulation
88,0.8573399999999998,Simulation
89,0.86568,Simulation
90,0.8624479999999999,Simulation
91,0.8626119999999998,Simulation
92,0.863232,Simulation
93,0.8660399999999999,Simulation
94,0.8663840000000002,Simulation
95,0.8590800000000001,Simulation
96,0.8654839999999999,Simulation
97,0.8679320000000001,Simulation
98,0.8572120000000001,Simulation
99,0.8624479999999999,Simulation
100,0.8630160000000001,Simulation
101,0.86742,Simulation
102,0.86508,Simulation
103,0.867672,Simulation
104,0.8645400000000002,Simulation
105,0.8634520000000002,Simulation
106,0.86708,Simulation
107,0.8670720000000001,Simulation
108,0.8626119999999998,Simulation
109,0.8630160000000001,Simulation
110,0.8620639999999998,Simulation
111,0.8624840000000003,Simulation
112,0.866596,Simulation
113,0.8612959999999998,Simulation
114,0.8584159999999997,Simulation
115,0.8668760000000001,Simulation
116,0.8630040000000001,Simulation
117,0.863232,Simulation
118,0.86742,Simulation
119,0.8620639999999998,Simulation
120,0.8698399999999997,Simulation
121,0.8668079999999999,Simulation
122,0.8643120000000001,Simulation
123,0.8609039999999999,Simulation
124,0.867176,Simulation
125,0.8686600000000001,Simulation
126,0.8660399999999999,Simulation
127,0.86508,Simulation
128,0.8624840000000003,Simulation
129,0.8698399999999997,Simulation
130,0.8630519999999997,Simulation
131,0.8646760000000001,Simulation
132,0.866876,Simulation
133,0.8645479999999999,Simulation
134,0.8651200000000001,Simulation
135,0.8663840000000002,Simulation
136,0.867672,Simulation
137,0.866596,Simulation
138,0.8668079999999999,Simulation
139,0.8630519999999997,Simulation
140,0.8662960000000001,Simulation
141,0.8626280000000002,Simulation
142,0.863308,Simulation
143,0.8672719999999997,Simulation
144,0.8590800000000001,Simulation
145,0.8645400000000002,Simulation
146,0.8612959999999998,Simulation
147,0.8643120000000001,Simulation
148,0.8646760000000001,Simulation
149,0.8662960000000001,Simulation
150,0.862888,Simulation
151,0.8666160000000003,Simulation
152,0.862248,Simulation
153,0.8654839999999999,Simulation
154,0.8634520000000002,Simulation
155,0.8584159999999997,Simulation
156,0.8609039999999999,Simulation
157,0.866876,Simulation
158,0.8626280000000002,Simulation
159,0.862888,Simulation
160,0.867336,Simulation
161,0.8617800000000002,Simulation
162,0.8679320000000001,Simulation
163,0.86708,Simulation
164,0.8668760000000001,Simulation
165,0.867176,Simulation
166,0.8645479999999999,Simulation
167,0.863308,Simulation
168,0.8666160000000003,Simulation
169,0.867336,Simulation
170,0.87078,Simulation
171,0.8572120000000001,Simulation
172,0.8670720000000001,Simulation
173,0.8630040000000001,Simulation
174,0.8686600000000001,Simulation
175,0.8651200000000001,Simulation
176,0.8672719999999997,Simulation
177,0.862248,Simulation
178,0.8617800000000002,Simulation
179,0.87078,Simulation
180,0.8709720000000001,Simulation
181,0.8693040000000001,Simulation
182,0.8704479999999999,Simulation
183,0.8722199999999998,Simulation
184,0.871356,Simulation
185,0.8660760000000002,Simulation
186,0.8748520000000003,Simulation
187,0.875448,Simulation
188,0.8657960000000001,Simulation
189,0.8709720000000001,Simulation
190,0.8726399999999996,Simulation
191,0.8736480000000002,Simulation
192,0.8723960000000001,Simulation
193,0.87468,Simulation
194,0.8723440000000001,Simulation
195,0.8729040000000001,Simulation
196,0.8750040000000001,Simulation
197,0.8725240000000002,Simulation
198,0.8693040000000001,Simulation
199,0.8726399999999996,Simulation
200,0.867124,Simulation
201,0.868508,Simulation
202,0.87322,Simulation
203,0.8685119999999998,Simulation
204,0.8652480000000004,Simulation
205,0.8738039999999999,Simulation
206,0.867508,Simulation
207,0.8704479999999999,Simulation
208,0.8736480000000002,Simulation
209,0.867124,Simulation
210,0.8739919999999999,Simulation
211,0.8711160000000003,Simulation
212,0.8696999999999999,Simulation
213,0.865996,Simulation
214,0.8745320000000001,Simulation
215,0.8735720000000001,Simulation
216,0.8722199999999998,Simulation
217,0.8723960000000001,Simulation
218,0.868508,Simulation
219,0.8739919999999999,Simulation
220,0.8717480000000001,Simulation
221,0.8708520000000002,Simulation
222,0.873156,Simulation
223,0.8719480000000002,Simulation
224,0.873236,Simulation
225,0.871356,Simulation
226,0.87468,Simulation
227,0.87322,Simulation
228,0.8711160000000003,Simulation
229,0.8717480000000001,Simulation
230,0.8735239999999999,Simulation
231,0.8706160000000001,Simulation
232,0.873016,Simulation
233,0.8741639999999999,Simulation
234,0.8660760000000002,Simulation
235,0.8723440000000001,Simulation
236,0.8685119999999998,Simulation
237,0.8696999999999999,Simulation
238,0.8708520000000002,Simulation
239,0.8735239999999999,Simulation
240,0.8713479999999999,Simulation
241,0.8728480000000001,Simulation
242,0.871192,Simulation
243,0.8748520000000003,Simulation
244,0.8729040000000001,Simulation
245,0.8652480000000004,Simulation
246,0.865996,Simulation
247,0.873156,Simulation
248,0.8706160000000001,Simulation
249,0.8713479999999999,Simulation
250,0.87492,Simulation
251,0.8701479999999999,Simulation
252,0.875448,Simulation
253,0.8750040000000001,Simulation
254,0.8738039999999999,Simulation
255,0.8745320000000001,Simulation
256,0.8719480000000002,Simulation
257,0.873016,Simulation
258,0.8728480000000001,Simulation
259,0.87492,Simulation
260,0.876736,Simulation
261,0.8657960000000001,Simulation
262,0.8725240000000002,Simulation
263,0.867508,Simulation
264,0.8735720000000001,Simulation
265,0.873236,Simulation
266,0.8741639999999999,Simulation
267,0.871192,Simulation
268,0.8701479999999999,Simulation
269,0.876736,Simulation
270,0.8647719999999999,Simulation
271,0.8616400000000003,Simulation
272,0.864688,Simulation
273,0.8665880000000004,Simulation
274,0.8664919999999999,Simulation
275,0.8619239999999999,Simulation
276,0.8688560000000003,Simulation
277,0.8692159999999998,Simulation
278,0.8591040000000002,Simulation
279,0.8647719999999999,Simulation
280,0.8651040000000001,Simulation
281,0.8678959999999999,Simulation
282,0.86584,Simulation
283,0.8665039999999997,Simulation
284,0.868224,Simulation
285,0.8651800000000002,Simulation
286,0.8679959999999998,Simulation
287,0.8657320000000001,Simulation
288,0.8616400000000003,Simulation
289,0.8651040000000001,Simulation
290,0.8614440000000002,Simulation
291,0.8636840000000002,Simulation
292,0.8676879999999998,Simulation
293,0.8627640000000002,Simulation
294,0.8590680000000002,Simulation
295,0.869336,Simulation
296,0.8629279999999999,Simulation
297,0.864688,Simulation
298,0.8678959999999999,Simulation
299,0.8614440000000002,Simulation
300,0.8701159999999999,Simulation
301,0.8691039999999999,Simulation
302,0.8647400000000002,Simulation
303,0.8646960000000001,Simulation
304,0.870176,Simulation
305,0.869224,Simulation
306,0.8665880000000004,Simulation
307,0.86584,Simulation
308,0.8636840000000002,Simulation
309,0.8701159999999999,Simulation
310,0.8661319999999998,Simulation
311,0.866604,Simulation
312,0.8672040000000003,Simulation
313,0.867172,Simulation
314,0.8659200000000001,Simulation
315,0.8664919999999999,Simulation
316,0.8665039999999997,Simulation
317,0.8676879999999998,Simulation
318,0.8691039999999999,Simulation
319,0.8661319999999998,Simulation
320,0.8687999999999999,Simulation
321,0.865424,Simulation
322,0.8653719999999999,Simulation
323,0.86758,Simulation
324,0.8619239999999999,Simulation
325,0.868224,Simulation
326,0.8627640000000002,Simulation
327,0.8647400000000002,Simulation
328,0.866604,Simulation
329,0.8687999999999999,Simulation
330,0.8660839999999999,Simulation
331,0.8669840000000001,Simulation
332,0.86432,Simulation
333,0.8688560000000003,Simulation
334,0.8651800000000002,Simulation
335,0.8590680000000002,Simulation
336,0.8646960000000001,Simulation
337,0.8672040000000003,Simulation
338,0.865424,Simulation
339,0.8660839999999999,Simulation
340,0.8713,Simulation
341,0.8641519999999999,Simulation
342,0.8692159999999998,Simulation
343,0.8679959999999998,Simulation
344,0.869336,Simulation
345,0.870176,Simulation
346,0.867172,Simulation
347,0.8653719999999999,Simulation
348,0.8669840000000001,Simulation
349,0.8713,Simulation
350,0.8719440000000003,Simulation
351,0.8591040000000002,Simulation
352,0.8657320000000001,Simulation
353,0.8629279999999999,Simulation
354,0.869224,Simulation
355,0.8659200000000001,Simulation
356,0.86758,Simulation
357,0.86432,Simulation
358,0.8641519999999999,Simulation
359,0.8719440000000003,Simulation
360,0.8669079999999999,Simulation
361,0.8646919999999998,Simulation
362,0.86626,Simulation
363,0.8666879999999999,Simulation
364,0.8682280000000001,Simulation
365,0.8605720000000002,Simulation
366,0.870424,Simulation
367,0.8697680000000001,Simulation
368,0.8597880000000001,Simulation
369,0.8669079999999999,Simulation
370,0.8649720000000003,Simulation
371,0.8694679999999998,Simulation
372,0.8652559999999997,Simulation
373,0.8687040000000003,Simulation
374,0.8678280000000002,Simulation
375,0.8650360000000002,Simulation
376,0.8680960000000001,Simulation
377,0.8658440000000001,Simulation
378,0.8646919999999998,Simulation
379,0.8649720000000003,Simulation
380,0.8639839999999996,Simulation
381,0.8643439999999999,Simulation
382,0.8664200000000001,Simulation
383,0.8624440000000001,Simulation
384,0.86062,Simulation
385,0.8670880000000001,Simulation
386,0.863876,Simulation
387,0.86626,Simulation
388,0.8694679999999998,Simulation
389,0.8639839999999996,Simulation
390,0.868196,Simulation
391,0.8658640000000001,Simulation
392,0.864916,Simulation
393,0.8636320000000002,Simulation
394,0.8693120000000001,Simulation
395,0.868608,Simulation
396,0.8666879999999999,Simulation
397,0.8652559999999997,Simulation
398,0.8643439999999999,Simulation
399,0.868196,Simulation
400,0.865736,Simulation
401,0.866236,Simulation
402,0.8678239999999999,Simulation
403,0.866076,Simulation
404,0.8668520000000001,Simulation
405,0.8682280000000001,Simulation
406,0.8687040000000003,Simulation
407,0.8664200000000001,Simulation
408,0.8658640000000001,Simulation
409,0.865736,Simulation
410,0.867828,Simulation
411,0.8649720000000001,Simulation
412,0.8668360000000002,Simulation
413,0.86778,Simulation
414,0.8605720000000002,Simulation
415,0.8678280000000002,Simulation
416,0.8624440000000001,Simulation
417,0.864916,Simulation
418,0.866236,Simulation
419,0.867828,Simulation
420,0.86766,Simulation
421,0.8679559999999997,Simulation
422,0.8624199999999997,Simulation
423,0.870424,Simulation
424,0.8650360000000002,Simulation
425,0.86062,Simulation
426,0.8636320000000002,Simulation
427,0.8678239999999999,Simulation
428,0.8649720000000001,Simulation
429,0.86766,Simulation
430,0.869672,Simulation
431,0.8638600000000003,Simulation
432,0.8697680000000001,Simulation
433,0.8680960000000001,Simulation
434,0.8670880000000001,Simulation
435,0.8693120000000001,Simulation
436,0.866076,Simulation
437,0.8668360000000002,Simulation
438,0.8679559999999997,Simulation
439,0.869672,Simulation
440,0.8721399999999999,Simulation
441,0.8597880000000001,Simulation
442,0.8658440000000001,Simulation
443,0.863876,Simulation
444,0.868608,Simulation
445,0.8668520000000001,Simulation
446,0.86778,Simulation
447,0.8624199999999997,Simulation
448,0.8638600000000003,Simulation
449,0.8721399999999999,Simulation
450,0.8616360000000001,Simulation
451,0.861588,Simulation
452,0.8640039999999998,Simulation
453,0.86294,Simulation
454,0.8640599999999998,Simulation
455,0.8575159999999998,Simulation
456,0.86524,Simulation
457,0.866424,Simulation
458,0.8569439999999996,Simulation
459,0.8616360000000001,Simulation
460,0.8628119999999999,Simulation
461,0.8661560000000001,Simulation
462,0.8619359999999996,Simulation
463,0.868688,Simulation
464,0.866784,Simulation
465,0.8633839999999998,Simulation
466,0.8668000000000001,Simulation
467,0.8627120000000003,Simulation
468,0.861588,Simulation
469,0.8628119999999999,Simulation
470,0.8602879999999999,Simulation
471,0.8598800000000001,Simulation
472,0.8665279999999997,Simulation
473,0.8603559999999999,Simulation
474,0.8573959999999999,Simulation
475,0.8669560000000001,Simulation
476,0.8619319999999999,Simulation
477,0.8640039999999998,Simulation
478,0.8661560000000001,Simulation
479,0.8602879999999999,Simulation
480,0.8671359999999999,Simulation
481,0.8647800000000001,Simulation
482,0.8629399999999999,Simulation
483,0.8605560000000002,Simulation
484,0.866468,Simulation
485,0.864948,Simulation
486,0.86294,Simulation
487,0.8619359999999996,Simulation
488,0.8598800000000001,Simulation
489,0.8671359999999999,Simulation
490,0.8623760000000001,Simulation
491,0.8619519999999999,Simulation
492,0.8637040000000001,Simulation
493,0.8620400000000001,Simulation
494,0.863388,Simulation
495,0.8640599999999998,Simulation
496,0.868688,Simulation
497,0.8665279999999997,Simulation
498,0.8647800000000001,Simulation
499,0.8623760000000001,Simulation
500,0.8662399999999999,Simulation
501,0.8610640000000003,Simulation
502,0.864268,Simulation
503,0.8667039999999999,Simulation
504,0.8575159999999998,Simulation
505,0.866784,Simulation
506,0.8603559999999999,Simulation
507,0.8629399999999999,Simulation
508,0.8619519999999999,Simulation
509,0.8662399999999999,Simulation
510,0.8635079999999997,Simulation
511,0.8647519999999999,Simulation
512,0.8604680000000001,Simulation
513,0.86524,Simulation
514,0.8633839999999998,Simulation
515,0.8573959999999999,Simulation
516,0.8605560000000002,Simulation
517,0.8637040000000001,Simulation
518,0.8610640000000003,Simulation
519,0.8635079999999997,Simulation
520,0.8680120000000001,Simulation
521,0.858848,Simulation
522,0.866424,Simulation
523,0.8668000000000001,Simulation
524,0.8669560000000001,Simulation
525,0.866468,Simulation
526,0.8620400000000001,Simulation
527,0.864268,Simulation
528,0.8647519999999999,Simulation
529,0.8680120000000001,Simulation
530,0.868768,Simulation
531,0.8569439999999996,Simulation
532,0.8627120000000003,Simulation
533,0.8619319999999999,Simulation
534,0.864948,Simulation
535,0.863388,Simulation
536,0.8667039999999999,Simulation
537,0.8604680000000001,Simulation
538,0.858848,Simulation
539,0.868768,Simulation
540,0.8601559999999997,Simulation
541,0.85934,Simulation
542,0.860824,Simulation
543,0.86194,Simulation
544,0.86264,Simulation
545,0.8552520000000005,Simulation
546,0.863168,Simulation
547,0.8640800000000001,Simulation
548,0.8540800000000001,Simulation
549,0.8601559999999997,Simulation
550,0.8617999999999999,Simulation
551,0.863792,Simulation
552,0.861012,Simulation
553,0.8644000000000002,Simulation
554,0.8624279999999999,Simulation
555,0.8622359999999998,Simulation
556,0.8636239999999997,Simulation
557,0.8615359999999999,Simulation
558,0.85934,Simulation
559,0.8617999999999999,Simulation
560,0.8593360000000002,Simulation
561,0.8587560000000002,Simulation
562,0.8633359999999999,Simulation
563,0.859356,Simulation
564,0.85396,Simulation
565,0.8648920000000001,Simulation
566,0.8592719999999998,Simulation
567,0.860824,Simulation
568,0.863792,Simulation
569,0.8593360000000002,Simulation
570,0.8652760000000002,Simulation
571,0.8633120000000001,Simulation
572,0.860344,Simulation
573,0.8596759999999997,Simulation
574,0.8649280000000001,Simulation
575,0.8646839999999997,Simulation
576,0.86194,Simulation
577,0.861012,Simulation
578,0.8587560000000002,Simulation
579,0.8652760000000002,Simulation
580,0.858844,Simulation
581,0.8607960000000001,Simulation
582,0.8618480000000001,Simulation
583,0.8614560000000002,Simulation
584,0.86098,Simulation
585,0.86264,Simulation
586,0.8644000000000002,Simulation
587,0.8633359999999999,Simulation
588,0.8633120000000001,Simulation
589,0.858844,Simulation
590,0.8606680000000001,Simulation
591,0.8600319999999999,Simulation
592,0.8615520000000002,Simulation
593,0.863132,Simulation
594,0.8552520000000005,Simulation
595,0.8624279999999999,Simulation
596,0.859356,Simulation
597,0.860344,Simulation
598,0.8607960000000001,Simulation
599,0.8606680000000001,Simulation
600,0.8610800000000001,Simulation
601,0.8626039999999996,Simulation
602,0.8579240000000002,Simulation
603,0.863168,Simulation
604,0.8622359999999998,Simulation
605,0.85396,Simulation
606,0.8596759999999997,Simulation
607,0.8618480000000001,Simulation
608,0.8600319999999999,Simulation
609,0.8610800000000001,Simulation
610,0.8640160000000001,Simulation
611,0.8566440000000001,Simulation
612,0.8640800000000001,Simulation
613,0.8636239999999997,Simulation
614,0.8648920000000001,Simulation
615,0.8649280000000001,Simulation
616,0.8614560000000002,Simulation
617,0.8615520000000002,Simulation
618,0.8626039999999996,Simulation
619,0.8640160000000001,Simulation
620,0.8658080000000002,Simulation
621,0.8540800000000001,Simulation
622,0.8615359999999999,Simulation
623,0.8592719999999998,Simulation
624,0.8646839999999997,Simulation
625,0.86098,Simulation
626,0.863132,Simulation
627,0.8579240000000002,Simulation
628,0.8566440000000001,Simulation
629,0.8658080000000002,Simulation
630,0.8772519999999999,Simulation
631,0.8777079999999999,Simulation
632,0.8782479999999998,Simulation
633,0.879008,Simulation
634,0.8793240000000002,Simulation
635,0.8732959999999999,Simulation
636,0.8823680000000003,Simulation
637,0.8817400000000003,Simulation
638,0.873148,Simulation
639,0.8772519999999999,Simulation
640,0.87744,Simulation
641,0.8802359999999998,Simulation
642,0.878924,Simulation
643,0.8809000000000003,Simulation
644,0.880616,Simulation
645,0.877644,Simulation
646,0.8821880000000001,Simulation
647,0.876924,Simulation
648,0.8777079999999999,Simulation
649,0.87744,Simulation
650,0.875796,Simulation
651,0.876772,Simulation
652,0.8788439999999998,Simulation
653,0.8754400000000001,Simulation
654,0.8736119999999999,Simulation
655,0.8813240000000002,Simulation
656,0.8753480000000002,Simulation
657,0.8782479999999998,Simulation
658,0.8802359999999998,Simulation
659,0.875796,Simulation
660,0.8833800000000002,Simulation
661,0.8820479999999996,Simulation
662,0.8795639999999999,Simulation
663,0.87736,Simulation
664,0.8820639999999996,Simulation
665,0.881552,Simulation
666,0.879008,Simulation
667,0.878924,Simulation
668,0.876772,Simulation
669,0.8833800000000002,Simulation
670,0.879952,Simulation
671,0.8774360000000001,Simulation
672,0.8800240000000003,Simulation
673,0.8778279999999999,Simulation
674,0.8796200000000001,Simulation
675,0.8793240000000002,Simulation
676,0.8809000000000003,Simulation
677,0.8788439999999998,Simulation
678,0.8820479999999996,Simulation
679,0.879952,Simulation
680,0.8814440000000001,Simulation
681,0.8797440000000001,Simulation
682,0.8788880000000001,Simulation
683,0.880628,Simulation
684,0.8732959999999999,Simulation
685,0.880616,Simulation
686,0.8754400000000001,Simulation
687,0.8795639999999999,Simulation
688,0.8774360000000001,Simulation
689,0.8814440000000001,Simulation
690,0.8805360000000001,Simulation
691,0.8776960000000001,Simulation
692,0.8763240000000001,Simulation
693,0.8823680000000003,Simulation
694,0.877644,Simulation
695,0.8736119999999999,Simulation
696,0.87736,Simulation
697,0.8800240000000003,Simulation
698,0.8797440000000001,Simulation
699,0.8805360000000001,Simulation
700,0.8838519999999999,Simulation
701,0.874308,Simulation
702,0.8817400000000003,Simulation
703,0.8821880000000001,Simulation
704,0.8813240000000002,Simulation
705,0.8820639999999996,Simulation
706,0.8778279999999999,Simulation
707,0.8788880000000001,Simulation
708,0.8776960000000001,Simulation
709,0.8838519999999999,Simulation
710,0.8817000000000002,Simulation
711,0.873148,Simulation
712,0.876924,Simulation
713,0.8753480000000002,Simulation
714,0.881552,Simulation
715,0.8796200000000001,Simulation
716,0.880628,Simulation
717,0.8763240000000001,Simulation
718,0.874308,Simulation
719,0.8817000000000002,Simulation
720,0.867276,Simulation
721,0.8699239999999999,Simulation
722,0.869264,Simulation
723,0.870324,Simulation
724,0.869692,Simulation
725,0.864504,Simulation
726,0.8707720000000001,Simulation
727,0.8765200000000004,Simulation
728,0.8616520000000001,Simulation
729,0.867276,Simulation
730,0.869348,Simulation
731,0.8709319999999999,Simulation
732,0.8679600000000002,Simulation
733,0.870072,Simulation
734,0.869728,Simulation
735,0.8669040000000001,Simulation
736,0.871512,Simulation
737,0.869388,Simulation
738,0.8699239999999999,Simulation
739,0.869348,Simulation
740,0.867416,Simulation
741,0.8682920000000001,Simulation
742,0.8715559999999999,Simulation
743,0.8667000000000001,Simulation
744,0.863436,Simulation
745,0.8737919999999999,Simulation
746,0.866792,Simulation
747,0.869264,Simulation
748,0.8709319999999999,Simulation
749,0.867416,Simulation
750,0.8719280000000001,Simulation
751,0.873248,Simulation
752,0.8697559999999996,Simulation
753,0.868272,Simulation
754,0.8713479999999999,Simulation
755,0.8720920000000003,Simulation
756,0.870324,Simulation
757,0.8679600000000002,Simulation
758,0.8682920000000001,Simulation
759,0.8719280000000001,Simulation
760,0.8687320000000001,Simulation
761,0.8684160000000001,Simulation
762,0.869752,Simulation
763,0.8694359999999999,Simulation
764,0.8690320000000001,Simulation
765,0.869692,Simulation
766,0.870072,Simulation
767,0.8715559999999999,Simulation
768,0.873248,Simulation
769,0.8687320000000001,Simulation
770,0.8711399999999999,Simulation
771,0.8675399999999998,Simulation
772,0.8703400000000001,Simulation
773,0.8709719999999999,Simulation
774,0.864504,Simulation
775,0.869728,Simulation
776,0.8667000000000001,Simulation
777,0.8697559999999996,Simulation
778,0.8684160000000001,Simulation
779,0.8711399999999999,Simulation
780,0.8687559999999999,Simulation
781,0.871644,Simulation
782,0.867156,Simulation
783,0.8707720000000001,Simulation
784,0.8669040000000001,Simulation
785,0.863436,Simulation
786,0.868272,Simulation
787,0.869752,Simulation
788,0.8675399999999998,Simulation
789,0.8687559999999999,Simulation
790,0.8728600000000001,Simulation
791,0.8673559999999999,Simulation
792,0.8765200000000004,Simulation
793,0.871512,Simulation
794,0.8737919999999999,Simulation
795,0.8713479999999999,Simulation
796,0.8694359999999999,Simulation
797,0.8703400000000001,Simulation
798,0.871644,Simulation
799,0.8728600000000001,Simulation
800,0.8749159999999999,Simulation
801,0.8616520000000001,Simulation
802,0.869388,Simulation
803,0.866792,Simulation
804,0.8720920000000003,Simulation
805,0.8690320000000001,Simulation
806,0.8709719999999999,Simulation
807,0.867156,Simulation
808,0.8673559999999999,Simulation
809,0.8749159999999999,Simulation
810,0.8610879999999996,Simulation
811,0.8607440000000002,Simulation
812,0.86172,Simulation
813,0.8619360000000001,Simulation
814,0.8641200000000001,Simulation
815,0.8574999999999999,Simulation
816,0.8648439999999998,Simulation
817,0.865764,Simulation
818,0.857268,Simulation
819,0.8610879999999996,Simulation
820,0.8606919999999998,Simulation
821,0.863128,Simulation
822,0.8614320000000001,Simulation
823,0.8651080000000001,Simulation
824,0.8641560000000001,Simulation
825,0.8621800000000001,Simulation
826,0.8657440000000003,Simulation
827,0.8629040000000002,Simulation
828,0.8607440000000002,Simulation
829,0.8606919999999998,Simulation
830,0.8594279999999997,Simulation
831,0.8589800000000001,Simulation
832,0.8646839999999999,Simulation
833,0.8592200000000001,Simulation
834,0.856228,Simulation
835,0.8646280000000001,Simulation
836,0.8588600000000001,Simulation
837,0.86172,Simulation
838,0.863128,Simulation
839,0.8594279999999997,Simulation
840,0.8658440000000001,Simulation
841,0.8630919999999999,Simulation
842,0.8613680000000001,Simulation
843,0.8581159999999999,Simulation
844,0.8653120000000002,Simulation
845,0.864804,Simulation
846,0.8619360000000001,Simulation
847,0.8614320000000001,Simulation
848,0.8589800000000001,Simulation
849,0.8658440000000001,Simulation
850,0.8616800000000001,Simulation
851,0.8625880000000001,Simulation
852,0.8624880000000001,Simulation
853,0.8623680000000001,Simulation
854,0.862728,Simulation
855,0.8641200000000001,Simulation
856,0.8651080000000001,Simulation
857,0.8646839999999999,Simulation
858,0.8630919999999999,Simulation
859,0.8616800000000001,Simulation
860,0.8659599999999997,Simulation
861,0.860064,Simulation
862,0.8627359999999998,Simulation
863,0.8650800000000001,Simulation
864,0.8574999999999999,Simulation
865,0.8641560000000001,Simulation
866,0.8592200000000001,Simulation
867,0.8613680000000001,Simulation
868,0.8625880000000001,Simulation
869,0.8659599999999997,Simulation
870,0.8622480000000001,Simulation
871,0.8649799999999997,Simulation
872,0.859368,Simulation
873,0.8648439999999998,Simulation
874,0.8621800000000001,Simulation
875,0.856228,Simulation
876,0.8581159999999999,Simulation
877,0.8624880000000001,Simulation
878,0.860064,Simulation
879,0.8622480000000001,Simulation
880,0.865796,Simulation
881,0.858412,Simulation
882,0.865764,Simulation
883,0.8657440000000003,Simulation
884,0.8646280000000001,Simulation
885,0.8653120000000002,Simulation
886,0.8623680000000001,Simulation
887,0.8627359999999998,Simulation
888,0.8649799999999997,Simulation
889,0.865796,Simulation
890,0.8674160000000001,Simulation
891,0.857268,Simulation
892,0.8629040000000002,Simulation
893,0.8588600000000001,Simulation
894,0.864804,Simulation
895,0.862728,Simulation
896,0.8650800000000001,Simulation
897,0.859368,Simulation
898,0.858412,Simulation
899,0.8674160000000001,Simulation
900,0.8646320000000001,Simulation
901,0.864668,Simulation
902,0.8666,Simulation
903,0.866008,Simulation
904,0.8664760000000001,Simulation
905,0.8626320000000001,Simulation
906,0.8683839999999998,Simulation
907,0.869904,Simulation
908,0.8591240000000001,Simulation
909,0.8646320000000001,Simulation
910,0.867644,Simulation
911,0.8696079999999999,Simulation
912,0.8653520000000001,Simulation
913,0.870344,Simulation
914,0.8683680000000003,Simulation
915,0.8651959999999996,Simulation
916,0.8697919999999998,Simulation
917,0.866316,Simulation
918,0.864668,Simulation
919,0.867644,Simulation
920,0.863564,Simulation
921,0.8645799999999999,Simulation
922,0.8686039999999998,Simulation
923,0.863576,Simulation
924,0.8602400000000001,Simulation
925,0.869672,Simulation
926,0.8628520000000001,Simulation
927,0.8666,Simulation
928,0.8696079999999999,Simulation
929,0.863564,Simulation
930,0.8694999999999998,Simulation
931,0.867468,Simulation
932,0.8667440000000001,Simulation
933,0.8642760000000002,Simulation
934,0.869772,Simulation
935,0.8692239999999999,Simulation
936,0.866008,Simulation
937,0.8653520000000001,Simulation
938,0.8645799999999999,Simulation
939,0.8694999999999998,Simulation
940,0.8666400000000001,Simulation
941,0.8638519999999998,Simulation
942,0.867276,Simulation
943,0.866748,Simulation
944,0.8657200000000003,Simulation
945,0.8664760000000001,Simulation
946,0.870344,Simulation
947,0.8686039999999998,Simulation
948,0.867468,Simulation
949,0.8666400000000001,Simulation
950,0.86706,Simulation
951,0.8658679999999996,Simulation
952,0.8688760000000002,Simulation
953,0.8686999999999999,Simulation
954,0.8626320000000001,Simulation
955,0.8683680000000003,Simulation
956,0.863576,Simulation
957,0.8667440000000001,Simulation
958,0.8638519999999998,Simulation
959,0.86706,Simulation
960,0.8651520000000003,Simulation
961,0.867916,Simulation
962,0.8641040000000001,Simulation
963,0.8683839999999998,Simulation
964,0.8651959999999996,Simulation
965,0.8602400000000001,Simulation
966,0.8642760000000002,Simulation
967,0.867276,Simulation
968,0.8658679999999996,Simulation
969,0.8651520000000003,Simulation
970,0.871672,Simulation
971,0.8614400000000001,Simulation
972,0.869904,Simulation
973,0.8697919999999998,Simulation
974,0.869672,Simulation
975,0.869772,Simulation
976,0.866748,Simulation
977,0.8688760000000002,Simulation
978,0.867916,Simulation
979,0.871672,Simulation
980,0.8715200000000002,Simulation
981,0.8591240000000001,Simulation
982,0.866316,Simulation
983,0.8628520000000001,Simulation
984,0.8692239999999999,Simulation
985,0.8657200000000003,Simulation
986,0.8686999999999999,Simulation
987,0.8641040000000001,Simulation
988,0.8614400000000001,Simulation
989,0.8715200000000002,Simulation
990,0.860096,Simulation
991,0.8602079999999999,Simulation
992,0.860036,Simulation
993,0.861248,Simulation
994,0.862,Simulation
995,0.8551759999999997,Simulation
996,0.862716,Simulation
997,0.863476,Simulation
998,0.8546640000000001,Simulation
999,0.860096,Simulation
1000,0.8592560000000002,Simulation
1001,0.8622799999999997,Simulation
1002,0.8618000000000001,Simulation
1003,0.8635919999999999,Simulation
1004,0.86276,Simulation
1005,0.861412,Simulation
1006,0.863336,Simulation
1007,0.86228,Simulation
1008,0.8602079999999999,Simulation
1009,0.8592560000000002,Simulation
1010,0.8582679999999999,Simulation
1011,0.8587800000000001,Simulation
1012,0.8635759999999998,Simulation
1013,0.857628,Simulation
1014,0.8552759999999999,Simulation
1015,0.862416,Simulation
1016,0.8591639999999999,Simulation
1017,0.860036,Simulation
1018,0.8622799999999997,Simulation
1019,0.8582679999999999,Simulation
1020,0.8642760000000002,Simulation
1021,0.861808,Simulation
1022,0.8614959999999999,Simulation
1023,0.8589439999999999,Simulation
1024,0.8622920000000001,Simulation
1025,0.8636720000000002,Simulation
1026,0.861248,Simulation
1027,0.8618000000000001,Simulation
1028,0.8587800000000001,Simulation
1029,0.8642760000000002,Simulation
1030,0.86094,Simulation
1031,0.860016,Simulation
1032,0.8615559999999998,Simulation
1033,0.8608359999999999,Simulation
1034,0.8602599999999999,Simulation
1035,0.862,Simulation
1036,0.8635919999999999,Simulation
1037,0.8635759999999998,Simulation
1038,0.861808,Simulation
1039,0.86094,Simulation
1040,0.8621,Simulation
1041,0.860452,Simulation
1042,0.8612159999999998,Simulation
1043,0.8651359999999998,Simulation
1044,0.8551759999999997,Simulation
1045,0.86276,Simulation
1046,0.857628,Simulation
1047,0.8614959999999999,Simulation
1048,0.860016,Simulation
1049,0.8621,Simulation
1050,0.86024,Simulation
1051,0.861584,Simulation
1052,0.8581960000000003,Simulation
1053,0.862716,Simulation
1054,0.861412,Simulation
1055,0.8552759999999999,Simulation
1056,0.8589439999999999,Simulation
1057,0.8615559999999998,Simulation
1058,0.860452,Simulation
1059,0.86024,Simulation
1060,0.8641480000000001,Simulation
1061,0.8573759999999999,Simulation
1062,0.863476,Simulation
1063,0.863336,Simulation
1064,0.862416,Simulation
1065,0.8622920000000001,Simulation
1066,0.8608359999999999,Simulation
1067,0.8612159999999998,Simulation
1068,0.861584,Simulation
1069,0.8641480000000001,Simulation
1070,0.8648160000000003,Simulation
1071,0.8546640000000001,Simulation
1072,0.86228,Simulation
1073,0.8591639999999999,Simulation
1074,0.8636720000000002,Simulation
1075,0.8602599999999999,Simulation
1076,0.8651359999999998,Simulation
1077,0.8581960000000003,Simulation
1078,0.8573759999999999,Simulation
1079,0.8648160000000003,Simulation
3,0.900968,Experiment
4,0.904316,Experiment
5,0.900968,Experiment
6,0.892536,Experiment
7,0.904316,Experiment
8,0.892536,Experiment
12,0.903488,Experiment
13,0.894816,Experiment
14,0.903488,Experiment
15,0.890592,Experiment
16,0.894816,Experiment
17,0.890592,Experiment
21,0.881456,Experiment
22,0.88486,Experiment
23,0.881456,Experiment
24,0.896124,Experiment
25,0.88486,Experiment
26,0.896124,Experiment
30,0.865664,Experiment
31,0.847056,Experiment
32,0.865664,Experiment
33,0.872784,Experiment
34,0.847056,Experiment
35,0.872784,Experiment
