,No_discs,Shannon,Distance,Nb
0,1,8.939955838213304,0.7245807854418246,32414
1,1,8.942931764555507,0.7231003712460403,32196
2,1,8.914185598923263,0.7245069037679451,32320
3,1,8.948213144706926,0.7248614013074778,32320
4,1,8.888419013840602,0.7253382519154211,31965
5,1,8.896965742315258,0.7246296826052371,32397
6,1,8.931483395203006,0.7229191827192848,32171
7,1,8.895605535827233,0.7222840877134553,32149
8,1,8.95404386868321,0.7269921024979651,32066
9,1,8.920389829278035,0.7259494525724947,32115
10,1,8.933624696469083,0.7245619130832578,32246
11,1,8.888448367187666,0.7221922633791482,32316
12,1,8.941538581429434,0.7218317924024616,32552
13,1,8.905417889218251,0.7245884808592502,32447
14,1,8.905821116713753,0.7249040163183047,32168
15,1,8.954081687800212,0.7236000336722619,32389
16,1,8.940852501937696,0.7287031247131073,32429
17,1,8.942899481994203,0.7233840088886548,32367
18,2,9.471424592210058,0.6294219305763746,49601
19,2,9.42341777195493,0.6298825166192888,49731
20,2,9.437917454035086,0.6298055358350675,49650
21,2,9.45972352654088,0.6305728279275805,49651
22,2,9.47319019634908,0.631502258746041,49734
23,2,9.468749417660163,0.6341071877623163,49751
24,2,9.477383729112123,0.6327880289168465,49480
25,2,9.425092205842997,0.6309845456710104,49452
26,2,9.47319019634908,0.631502258746041,49734
27,2,9.460721705379358,0.6305397768900335,49989
28,2,9.480738154404802,0.6333896854322558,49877
29,2,9.464711372741519,0.6305902385343408,49786
30,2,9.450952802003474,0.6297415151770835,49706
31,2,9.483840367333679,0.6315628961300411,49695
32,2,9.460173015618116,0.6307542622419078,49670
33,2,9.4848887846032,0.6351096667013942,49615
34,2,9.470708999091675,0.629316340163376,49917
35,2,9.457419695793893,0.6327145635126464,49458
36,2,9.487510236231067,0.6317485207698113,49566
37,2,9.451926876236199,0.630679403325969,49783
38,2,9.426913081535798,0.6303612026204409,49914
39,2,9.472861378300125,0.6289061331289586,50059
40,2,9.460464924967006,0.6328690905584451,49619
41,2,9.483840367333679,0.6315628961300411,49695
42,2,9.454466769816621,0.6315293181865539,49798
43,2,9.4431641442405,0.6309742055162093,49559
44,2,9.475395414881238,0.6285121316072713,49697
45,2,9.476125509161617,0.6306000991333539,49925
46,2,9.442307753974738,0.6304993181655103,49670
47,2,9.44904575304484,0.6312858142867687,49494
48,2,9.450952802003474,0.6297415151770835,49706
49,2,9.421567281214513,0.6309565253262412,49630
50,2,9.460464924967006,0.6328690905584451,49619
51,2,9.459564787840558,0.6298794622796501,49648
52,2,9.453723688454833,0.6338159314579628,49722
53,2,9.450952802003474,0.6297415151770835,49706
54,2,9.453723688454833,0.6338159314579628,49722
55,2,9.480651640819286,0.6298414730934092,49911
56,2,9.451368271539412,0.6303104969928709,49842
57,2,9.448988676374102,0.6333023350944686,49627
58,2,9.475395414881238,0.6285121316072713,49697
59,2,9.466372400764788,0.632829864319802,49702
60,2,9.442054620173936,0.6332562303437232,49689
61,2,9.453939511383663,0.6276980640414526,49910
62,2,9.464711372741519,0.6305902385343408,49786
63,2,9.454962047034524,0.6344325377170769,49940
64,2,9.476362443848016,0.6320510867377315,49581
65,2,9.421739882363402,0.6336728816954,49631
66,2,9.47083092236266,0.6310301210795963,49847
67,2,9.471424592210058,0.6294219305763746,49601
68,2,9.446471630562927,0.6294182437094858,50074
69,2,9.460239205429694,0.6309947745369311,49786
70,2,9.43566122428784,0.6310923084180569,49644
71,2,9.47319019634908,0.631502258746041,49734
72,2,9.463913390018298,0.631656679666843,49943
73,2,9.476362443848016,0.6320510867377315,49581
74,2,9.460173015618116,0.6307542622419078,49670
75,2,9.442307753974738,0.6304993181655103,49670
76,2,9.457130499522835,0.630820542217003,49936
77,2,9.464007997716191,0.63084585354045,49769
78,2,9.450914235895404,0.6310059118586034,49565
79,2,9.45770856148098,0.632062474701595,49521
80,2,9.446963154496084,0.6287486591745277,49812
81,2,9.448988676374102,0.6333023350944686,49627
82,2,9.444417467787432,0.6296851979945524,49686
83,2,9.450035308587776,0.6304110635725136,49836
84,2,9.466141989596503,0.630071034078038,49767
85,2,9.448822210625787,0.6317813577827914,49809
86,2,9.47083092236266,0.6310301210795963,49847
87,2,9.456390656239737,0.6321581558789147,49879
88,2,9.47965193340096,0.6304406241300883,49702
89,2,9.480651640819286,0.6298414730934092,49911
90,2,9.446845229199969,0.6322867500450419,49605
91,2,9.459460033002399,0.6306619066298728,49843
92,2,9.437917454035086,0.6298055358350675,49650
93,2,9.453723688454833,0.6338159314579628,49722
94,2,9.477383729112123,0.6327880289168465,49480
95,2,9.477383729112123,0.6327880289168465,49480
96,2,9.441688074303592,0.6328921623092504,49479
97,2,9.421739882363402,0.6336728816954,49631
98,2,9.442054620173936,0.6332562303437232,49689
99,2,9.470708999091675,0.629316340163376,49917
100,2,9.476362443848016,0.6320510867377315,49581
101,2,9.446963154496084,0.6287486591745277,49812
102,2,9.467341626932901,0.6311998609959609,49667
103,2,9.476537156964454,0.6307816747481823,50141
104,2,9.460598084810703,0.6308653774063527,49925
105,2,9.47150780801515,0.6323414288232527,49641
106,2,9.47965193340096,0.6304406241300883,49702
107,2,9.459348490013864,0.6289447054532683,49690
108,2,9.450068594540664,0.6303606225930906,49675
109,2,9.457130499522835,0.630820542217003,49936
110,2,9.450914235895404,0.6310059118586034,49565
111,2,9.462114902808446,0.6335931076702785,49950
112,2,9.463086733851952,0.6339386888207063,49836
113,2,9.47150780801515,0.6323414288232527,49641
114,2,9.462155452687169,0.6317958285965041,49724
115,2,9.455157763712846,0.6318047764673225,49729
116,2,9.465538314935333,0.6294705981193031,49765
117,2,9.458581884150636,0.6308872089581866,49874
118,3,9.752202280306099,0.5733776378600685,60654
119,3,9.74740885978204,0.5712505667562165,60406
120,3,9.755111264671381,0.5706774876387516,60501
121,3,9.733589966846461,0.5711382062293395,60388
122,3,9.751555005595947,0.5715180119228853,60674
123,3,9.74970485984334,0.5739536320279743,60216
124,3,9.75256906822022,0.573302355992463,60452
125,3,9.734738645464887,0.5729529682242331,60315
126,3,9.712953919006377,0.5726037288801767,60382
127,3,9.72397332429591,0.5721424605418665,60433
128,3,9.729180952253218,0.5720843153884203,60375
129,3,9.728914109036019,0.5716595437056966,60417
130,3,9.758882953001063,0.5710565273186158,60645
131,3,9.732543193094575,0.5720171955976823,60359
132,3,9.72166757683904,0.5732682158073246,60577
133,3,9.739807267522238,0.5727960016117635,60395
134,3,9.736595084470995,0.5715813333444741,60592
135,3,9.730168621967644,0.5717919492842508,60358
136,3,9.735466431617082,0.5707450815503895,60584
137,3,9.742750627990702,0.5729994647320592,60401
138,3,9.709060388898294,0.5745410349384359,60267
139,3,9.73935816109741,0.5713914021616741,60541
140,3,9.750322872773488,0.5740228741261041,60307
141,3,9.724826163923519,0.5726326988782077,60375
142,3,9.729671549029828,0.5724466915754903,60344
143,3,9.751272076677827,0.5737263957896158,60370
144,3,9.739559448024787,0.5707416187592137,60578
145,3,9.750322872773488,0.5740228741261041,60307
146,3,9.756108454806181,0.5728070230841277,60625
147,3,9.723427246823592,0.5719212204251999,60717
148,3,9.72997085322723,0.571263395323489,60542
149,3,9.726887541800625,0.5727784749520651,60465
150,3,9.734562824704726,0.5717086086139338,60472
151,3,9.741218572869899,0.5710630475240704,60428
152,3,9.743028670101483,0.5724757415649244,60667
153,3,9.723634191101226,0.5721544133974776,60341
154,3,9.733948096857032,0.5724955519289772,60377
155,3,9.737790171604878,0.5740975891748437,60512
156,3,9.74470635573149,0.5709036014206776,60416
157,3,9.730901589304894,0.5738426205402778,60505
158,3,9.729176728673652,0.5715028658382542,60522
159,3,9.733649798097986,0.5697962857749842,60478
160,3,9.74323714182901,0.5716924909885504,60620
161,3,9.745761914015182,0.5741807924924084,60469
162,3,9.747172772367039,0.5712677198764308,60472
163,3,9.712533768045704,0.5737829182606057,60378
164,3,9.725431192891694,0.5723515521733868,60368
165,3,9.726127143254201,0.5739700113368562,60457
166,3,9.737163958245583,0.5735910883896258,60332
167,3,9.711785075021735,0.5736742576914305,60389
168,3,9.74657854779003,0.5705369772072595,60666
169,3,9.736153663792344,0.5709952192518631,60421
170,3,9.735767319221068,0.5740633681400045,60480
171,3,9.712533768045704,0.5737829182606057,60378
172,3,9.740887594585633,0.5720935636897027,60496
173,3,9.72726748116524,0.5719388206331074,60466
174,3,9.737884349036696,0.5740107290750597,60336
175,3,9.733369249040058,0.5733993496520187,60372
176,3,9.74707060576152,0.5724554061939562,60527
177,3,9.746141504824294,0.5720482911345048,60484
178,3,9.725431192891694,0.5723515521733868,60368
179,3,9.729833465892273,0.5733815954430812,60519
180,3,9.741574728870633,0.572185422918831,60457
181,3,9.752212755398972,0.572652373879508,60410
182,3,9.74970485984334,0.5739536320279743,60216
183,3,9.730586117573512,0.5733126957946499,60469
184,3,9.736832961590231,0.5735349323502309,60433
185,3,9.715284560858144,0.573145966815064,60449
186,3,9.73797036639737,0.5738338995695359,60666
187,3,9.71616231233382,0.5747184792612329,60283
188,3,9.742245766884837,0.5712043022363928,60618
189,3,9.745452703063991,0.5715597260456874,60476
190,3,9.728224373086295,0.5727424997717473,60481
191,3,9.75369769772583,0.5704927617759452,60707
192,3,9.73660696006292,0.574934393726034,60584
193,3,9.727090515058887,0.5718437282880386,60433
194,3,9.748449979714124,0.5728833984253745,60505
195,3,9.740336583124995,0.5720526353711495,60552
196,3,9.744858921261647,0.570645059228372,60577
197,3,9.763076408383805,0.5712188529622962,60432
198,3,9.75067852972541,0.5712899784311736,60586
199,3,9.699998813817562,0.5735765916062338,60424
200,3,9.720440773259238,0.5724219120016476,60666
201,3,9.744725004354128,0.5740861315905023,60364
202,3,9.726557505526985,0.5722890037001833,60571
203,3,9.740830322743053,0.5727119101274459,60401
204,3,9.74009958406536,0.569630028147595,60465
205,3,9.731689739897105,0.5722694430031925,60446
206,3,9.728207658182635,0.5730333687571351,60424
207,3,9.751796241206842,0.5754563425749816,60286
208,3,9.757264338260134,0.5712409505396573,60548
209,3,9.744964259733141,0.5750368599662941,60401
210,3,9.742750627990702,0.5729994647320592,60401
211,3,9.725082671771586,0.5721858487330922,60418
212,3,9.745327693157066,0.5714415274496988,60399
213,3,9.726127143254201,0.5739700113368562,60457
214,3,9.725235690782585,0.5735012710242502,60371
215,3,9.730132804381613,0.5714482536726935,60598
216,3,9.730832951737307,0.5728661982967187,60520
217,3,9.747689170550334,0.5721986758487463,60651
218,4,9.908159715177366,0.5321199856184221,67561
219,4,9.923065751696901,0.5294488718574528,67415
220,4,9.905041319155591,0.5307838994596734,67527
221,4,9.922060600498808,0.5290883173933645,67433
222,4,9.919922080204532,0.5306810511322155,67475
223,4,9.929495206703887,0.5320531396846352,67555
224,4,9.915263303852699,0.5287054346010519,67378
225,4,9.91420055987926,0.5316233198587658,67568
226,4,9.904964223057208,0.5332665819921298,67462
227,4,9.933196753772819,0.5285540294690197,67555
228,4,9.903234719213279,0.5293517617434481,67692
229,4,9.899207707989321,0.5314381109589347,67325
230,4,9.92006551060903,0.5304514182479194,67540
231,4,9.902320410993546,0.529025429428432,67320
232,4,9.916908977152826,0.5277676818570729,67428
233,4,9.918109919208149,0.5290370289770238,67451
234,4,9.901828892555097,0.5309456010790079,67393
235,4,9.91330933932199,0.5317774632041117,67427
236,4,9.914064832008837,0.526996723027663,67547
237,4,9.89974356793635,0.5295652177468345,67492
238,4,9.91360155643894,0.5294644212270411,67350
239,4,9.908247316897388,0.5324720093702761,67444
240,4,9.92564760077803,0.530741062365369,67633
241,4,9.91581406998027,0.5303991087872173,67401
242,4,9.908269585357885,0.5301523694912504,67416
243,4,9.910728576634037,0.5310716278201512,67627
244,4,9.923728981555614,0.5287408819355128,67443
245,4,9.924900428322472,0.5304462636490886,67389
246,4,9.9069438688799,0.5307635307000734,67390
247,4,9.923819622558092,0.529475238787616,67733
248,4,9.9114727087788,0.529865797389298,67622
249,4,9.931337582803028,0.5271044414471818,67594
250,4,9.922701900416644,0.5292405919113904,67368
251,4,9.904926242696229,0.5318044568079422,67520
252,4,9.917635187083407,0.5288584027860179,67604
253,4,9.903737744087765,0.5308075309120955,67340
254,4,9.915248868303186,0.529418581676113,67408
255,4,9.914442244745572,0.5307505587871831,67327
256,4,9.923775322000512,0.5293364950091282,67478
257,4,9.912480386746687,0.5305293842927602,67358
258,4,9.888626478785884,0.5310891081427666,67514
259,4,9.895346070940086,0.5299633092638064,67459
260,4,9.8979704347739,0.5310446586292533,67488
261,4,9.913393246548882,0.5293763758715883,67391
262,4,9.918749971917808,0.5306768002569344,67342
263,4,9.908008469724544,0.5302565576066197,67542
264,4,9.913994465667452,0.529371215342566,67662
265,4,9.910042453505536,0.5291557279877115,67534
266,4,9.904857023745162,0.5310867702779997,67477
267,4,9.912224901405736,0.5267825103418542,67662
268,4,9.936030452768357,0.5285171167961826,67455
269,4,9.89740831372062,0.5285595497668663,67500
270,4,9.924651652244696,0.5286692326279824,67415
271,4,9.919265964733857,0.5279419379117686,67628
272,4,9.915421550009976,0.5297258644169572,67432
273,4,9.901353081510777,0.5275959951320494,67541
274,4,9.93674704219479,0.5298859320850278,67599
275,4,9.914210134155562,0.5284887613227999,67442
276,4,9.915724835407,0.530038840707492,67442
277,4,9.903300078163078,0.5294017664040609,67561
278,4,9.905426250251422,0.5303655159734775,67418
279,4,9.907017725172025,0.530606669810012,67626
280,4,9.921113542923468,0.5295695249464469,67420
281,4,9.934582548064142,0.5315183540919591,67335
282,4,9.919253955102986,0.5302226516048992,67477
283,4,9.910731555311814,0.5296840505000462,67422
284,4,9.923775322000512,0.5293364950091282,67478
285,4,9.92806416776423,0.5295140247973814,67648
286,4,9.893757952296625,0.5311806914072592,67536
287,4,9.920111243282207,0.5316857784044178,67500
288,4,9.917900088187734,0.5282299741961917,67546
289,4,9.92217718746266,0.5296716834250443,67703
290,4,9.912726923041236,0.5307826610942534,67466
291,4,9.912404538852359,0.5292169438905783,67468
292,4,9.894865649656326,0.5322417128879903,67382
293,4,9.906023216051713,0.5302717393018711,67571
294,4,9.916442036377832,0.5303184701927725,67608
295,4,9.909903491421673,0.530508577118272,67264
296,4,9.89837674735009,0.5318773988183989,67405
297,4,9.924617775432985,0.52924468761258,67482
298,4,9.90947356055892,0.5290049239982132,67416
299,4,9.921913817638716,0.5290632132777683,67573
300,4,9.90797217509055,0.5312963903142115,67439
301,4,9.932719475019569,0.5281767663074198,67512
302,4,9.908213619477857,0.5307884425311126,67356
303,4,9.905917157699777,0.5306096969400735,67532
304,4,9.914606273225779,0.5292981141714271,67642
305,4,9.910204653642962,0.5304637567571864,67564
306,4,9.913960783124713,0.5297416469177165,67514
307,4,9.921911547066642,0.5295278652901294,67546
308,4,9.923810094408214,0.5292696412153396,67388
309,4,9.88818287766712,0.5300246973441747,67386
310,4,9.920255513596201,0.5273691532714717,67599
311,4,9.906331957558555,0.529750016391501,67513
312,4,9.898095461629865,0.5330346521902805,67401
313,4,9.912797972600465,0.5293381816358823,67597
314,4,9.899515228686893,0.5305986436161103,67451
315,4,9.91528536064142,0.5284453968780674,67597
316,4,9.909903103033432,0.531413647466703,67551
317,4,9.918073554039324,0.531262934329451,67256
318,5,10.043217001329895,0.49716516083184875,72452
319,5,10.042753053475884,0.4972533053104189,72424
320,5,10.045572352294643,0.49791072597584796,72501
321,5,10.036707187458024,0.49995884068938157,72504
322,5,10.054624879944631,0.49742182677863855,72473
323,5,10.040400328186108,0.49801855651603505,72341
324,5,10.040700496161925,0.4979434019209314,72415
325,5,10.035119345599297,0.4989703651394604,72475
326,5,10.048818631259168,0.4975642216031847,72217
327,5,10.044902505118461,0.4957914649480745,72586
328,5,10.055591437984951,0.49441100875505956,72484
329,5,10.03844497615946,0.4988621700585739,72539
330,5,10.051569216020523,0.49522180226356,72369
331,5,10.037119582744163,0.4987210874903034,72341
332,5,10.03782453692017,0.49666844747807154,72419
333,5,10.043437549265715,0.49896767843142265,72352
334,5,10.054250717437501,0.4974839830247864,72443
335,5,10.037721025921755,0.4979277539321906,72546
336,5,10.014213086917518,0.497993383982496,72369
337,5,10.039372079343028,0.4960900255208283,72507
338,5,10.058813601417768,0.49638572511619294,72584
339,5,10.036817260180554,0.497723587285404,72498
340,5,10.030977452329557,0.4985606399151337,72397
341,5,10.049288851036813,0.49601237660183084,72421
342,5,10.054244607922419,0.4956630214360452,72444
343,5,10.043217001329895,0.49716516083184875,72452
344,5,10.047995212463944,0.49709239304895547,72434
345,5,10.03817425056782,0.49758529375755256,72338
346,5,10.031866180460185,0.4968019409185144,72433
347,5,10.03405190259643,0.497050029730107,72357
348,5,10.029274169116947,0.4976862368484935,72396
349,5,10.050460141322127,0.49733935669602686,72476
350,5,10.032717964773507,0.49797461564804363,72314
351,5,10.04861359179281,0.4975477176398399,72484
352,5,10.038669270468286,0.4978033602728778,72551
353,5,10.058165523192047,0.4976430877873299,72481
354,5,10.031556799032336,0.4970954863222686,72377
355,5,10.044109590237792,0.49628534536843394,72520
356,5,10.05477784760999,0.4957491889423303,72571
357,5,10.033780292968924,0.49709319388253725,72449
358,5,10.040350847712924,0.49769210960565075,72242
359,5,10.037354217516743,0.49631159621510584,72285
360,5,10.04787517641469,0.498204402606009,72472
361,5,10.044057775051941,0.4972965273683063,72372
362,5,10.041724766749356,0.49611168300245284,72545
363,5,10.053034308441228,0.4960452205003187,72326
364,5,10.04012897739086,0.4967460174534068,72376
365,5,10.034094932491866,0.4961527507527114,72417
366,5,10.050312458918714,0.4972754546964252,72548
367,5,10.02798556729693,0.4991195848553277,72211
368,5,10.034921470824758,0.49829247338257304,72414
369,5,10.044053043433605,0.4979951203055108,72268
370,5,10.039234709270128,0.49570726892411093,72384
371,5,10.04579990295456,0.4960019129832434,72402
372,5,10.046846939733673,0.4960651682176408,72450
373,5,10.040408015648389,0.4962961707564852,72353
374,5,10.037235378187743,0.49783125564598046,72453
375,5,10.041287531366688,0.49817240076912694,72522
376,5,10.03196224461264,0.4986433100935021,72409
377,5,10.05198299269306,0.4960488292808353,72394
378,5,10.045721468146507,0.49725199621656924,72500
379,5,10.0483718428774,0.4988065301825736,72464
380,5,10.025474333681306,0.49744642954942225,72510
381,5,10.048922242729235,0.496072050693579,72414
382,5,10.039893107306744,0.4989869542969743,72405
383,5,10.050185185296824,0.49764791326511176,72446
384,5,10.039103346414183,0.49807857176413595,72490
385,5,10.047338542340274,0.49682058850677985,72479
386,5,10.04904927036541,0.4969325847670005,72501
387,5,10.048154143094449,0.4985720177514255,72563
388,5,10.028295072419679,0.4981545871212962,72349
389,5,10.054023453739783,0.49753036688149044,72487
390,5,10.054760597006762,0.498087541677333,72451
391,5,10.045866377194413,0.4996949287947814,72438
392,5,10.036697379597253,0.49807415463800986,72348
393,5,10.043613284698306,0.49777701965410653,72490
394,5,10.03420293629984,0.4974236367272719,72324
395,5,10.048031602697511,0.4976920761844794,72378
396,5,10.03354193039942,0.49819687761294884,72343
397,5,10.043390356917453,0.4970761074877216,72490
398,5,10.032163518503854,0.49823078853744796,72289
399,5,10.057229288935106,0.4976387139786622,72381
400,5,10.042311917837614,0.497733506524783,72514
401,5,10.046919834187953,0.49586857441512167,72491
402,5,10.04128760515565,0.496554507867994,72482
403,5,10.033810690610311,0.49923798076095666,72295
404,5,10.02031290502845,0.4990112568682508,72333
405,5,10.04527959894663,0.49623798401397307,72547
406,5,10.026794391808258,0.4988738361509593,72434
407,5,10.038353594310394,0.49667713115513495,72359
408,5,10.04146715266748,0.49835400137952296,72459
409,5,10.043448944781371,0.4950524763729877,72411
410,5,10.056882278924693,0.49539803093512624,72487
411,5,10.041393758198955,0.49757016642533153,72335
412,5,10.047871171021995,0.4978733713470991,72464
413,5,10.054281616666724,0.4956762695006847,72467
414,5,10.053616291846867,0.49449114473133005,72503
415,5,10.042036617322152,0.4966212162282989,72483
416,5,10.041445257235988,0.4974692054372003,72433
417,5,10.054812015242883,0.49856132535743886,72427
418,6,10.146185296698764,0.468697824439816,75998
419,6,10.128663720629824,0.471332643418129,75838
420,6,10.14347367414256,0.4708494822101462,75837
421,6,10.143765129402126,0.4702487180952414,76034
422,6,10.145805275929504,0.4703898320025438,75907
423,6,10.12040538322363,0.47223553647792194,75828
424,6,10.14470881707843,0.4715556094311358,75974
425,6,10.14963661610623,0.47023501470478035,76045
426,6,10.13520387951297,0.4719091109422628,75877
427,6,10.139804064553783,0.47102087954508626,75893
428,6,10.144892429859606,0.47120720894713897,76134
429,6,10.115839545822691,0.47207546041827286,75873
430,6,10.117888640447413,0.47172258586425736,75838
431,6,10.134850834356183,0.47143855820902014,76017
432,6,10.127378732950836,0.4712934161039027,75909
433,6,10.139353860705922,0.47171846472612067,75977
434,6,10.146338737178931,0.4713797859441344,76001
435,6,10.133076889148326,0.47104414575025216,75835
436,6,10.143621438737005,0.4726730644683803,75936
437,6,10.146299348033098,0.4713429559069874,76028
438,6,10.127954733311174,0.47045940236098815,75875
439,6,10.148336888348725,0.4718791005964969,75995
440,6,10.138270111468502,0.4702369042250628,75995
441,6,10.132806901563592,0.4689127413203421,76062
442,6,10.127338797073172,0.4717306616151463,76040
443,6,10.137419611944352,0.4712123889147798,75911
444,6,10.136738516064566,0.4710059396815171,76009
445,6,10.133847922804947,0.4711414740974701,75897
446,6,10.13170692197855,0.47060318310058624,75972
447,6,10.132537025656436,0.470261732655848,76049
448,6,10.132645042551594,0.47161991789490443,76002
449,6,10.146013075496134,0.4713727508648513,76050
450,6,10.147488559850968,0.4708958543721571,76039
451,6,10.14709958200648,0.4701574889814989,75957
452,6,10.140374578472143,0.47122723172917536,75976
453,6,10.138277076303387,0.4711933835424128,75938
454,6,10.131377332259271,0.47173414247915685,75961
455,6,10.123960534811841,0.472982370272398,76011
456,6,10.132551599913107,0.4695070275203965,76018
457,6,10.119474448908045,0.4722200368600438,75801
458,6,10.143190682219942,0.4708975134231391,76003
459,6,10.1376495570052,0.4697463349748977,75935
460,6,10.140494773800409,0.47014769387218613,76058
461,6,10.141499153921755,0.47132893038788565,76182
462,6,10.114344346837855,0.47188634508574495,75908
463,6,10.13033428224543,0.4718868398546222,75925
464,6,10.134025282181016,0.47085917459427523,75812
465,6,10.127109008858744,0.47147347592770805,75873
466,6,10.13673414527683,0.47052854697429747,75990
467,6,10.136476766125284,0.4724754216744407,75860
468,6,10.137887805531687,0.471533243464565,75911
469,6,10.137838456309256,0.4718430843579108,76013
470,6,10.143036405623171,0.47104836276476975,76163
471,6,10.145460704841726,0.4713308623191293,75886
472,6,10.132377743083131,0.4704609321514703,75946
473,6,10.130789589112277,0.470109017472511,75943
474,6,10.13489646512863,0.47139761834690136,76094
475,6,10.145711741420484,0.47080550988242,76017
476,6,10.13135297573099,0.471524348502783,75880
477,6,10.136043040646307,0.4696816438348152,75899
478,6,10.139294827892803,0.4695916292652144,75945
479,6,10.138866415707696,0.47043233164205656,75940
480,6,10.12957574386657,0.47134407407957857,76022
481,6,10.134148081963435,0.47145434991738744,75918
482,6,10.135447485705193,0.47109438604000897,76073
483,6,10.132737998154331,0.4714940521706001,75820
484,6,10.132844391494704,0.4725721915913501,75895
485,6,10.130666555815234,0.47037694142376746,75941
486,6,10.124152809442693,0.4701543232088113,75891
487,6,10.12576573207796,0.4723728044040273,75959
488,6,10.144698486455106,0.4701211394940371,76017
489,6,10.134100408832852,0.470142805863267,76004
490,6,10.141784138410504,0.47114340190632087,76006
491,6,10.131910230809268,0.47188107816021985,75969
492,6,10.150090187569699,0.4698743961522695,76110
493,6,10.150223434844836,0.4718662455165554,75860
494,6,10.15013070113464,0.46968588025519653,75829
495,6,10.14842948861862,0.46978979627678547,76014
496,6,10.141345133982265,0.47031862366022864,75899
497,6,10.13816144311701,0.4711919604107563,75911
498,6,10.14912873663324,0.47146311120023643,75802
499,6,10.140071121881576,0.47050623797030644,75893
500,6,10.130609696120688,0.4728799545907788,75908
501,6,10.140337350235733,0.4703013819734792,76059
502,6,10.13732174765337,0.47023683280577394,75874
503,6,10.155576177583843,0.4695224747757813,75983
504,6,10.13134992430267,0.4709490797813334,75882
505,6,10.151995746137704,0.4714311896736663,76002
506,6,10.132731139138905,0.4713064696357015,75918
507,6,10.134691674489,0.4706951027960467,75887
508,6,10.130123136790331,0.4700859505476891,75971
509,6,10.13694223429736,0.4697343049422534,76000
510,6,10.145033453692934,0.4717481806281327,75946
511,6,10.125316804347477,0.4720807466131968,75887
512,6,10.15137142892148,0.4704745014324525,76009
513,6,10.127353307227272,0.46989441334140947,75956
514,6,10.13161113266727,0.4716827129865129,76018
515,6,10.129156766371976,0.47282456432003134,75914
516,6,10.133684551227995,0.4733561257826165,75980
517,6,10.138667016287894,0.4706047408946482,75911
518,7,10.210415690233337,0.44891421769133893,78540
519,7,10.2105380521087,0.44994893075896064,78588
520,7,10.215315602840242,0.448662496297046,78661
521,7,10.220171140279056,0.45037464397091187,78545
522,7,10.217515707612838,0.4472391411515324,78603
523,7,10.215033971074197,0.45069220634583435,78579
524,7,10.216756645413232,0.44840081695771944,78622
525,7,10.203428251682725,0.4507346047773436,78537
526,7,10.218941476628032,0.44894366319518875,78518
527,7,10.224262817896738,0.4471278348440679,78573
528,7,10.21429185859767,0.4499690848819396,78659
529,7,10.213082687884633,0.4500700314890317,78587
530,7,10.21833488116269,0.4483115414071106,78774
531,7,10.207029568741051,0.449551082179343,78597
532,7,10.215468135395907,0.4474145501546823,78649
533,7,10.205631943617933,0.44839510570926405,78556
534,7,10.212194872696474,0.44976687457496695,78601
535,7,10.22082436291003,0.4479796000217902,78584
536,7,10.200413059082528,0.44919901863278533,78633
537,7,10.207439614720247,0.44794382015187284,78632
538,7,10.211251681054136,0.45002902646459597,78703
539,7,10.207081146157382,0.45115694783583493,78594
540,7,10.213300583087484,0.4489786147034749,78637
541,7,10.213705191973219,0.44904340167409784,78688
542,7,10.22070995519219,0.44882757741674356,78543
543,7,10.213068460147117,0.4485638993781859,78550
544,7,10.205350966473743,0.44972065433798214,78580
545,7,10.21478014183296,0.44901751459476796,78572
546,7,10.215642416327105,0.4484290502181301,78598
547,7,10.21781965331255,0.4489770567442246,78673
548,7,10.217613444353475,0.44725856440086226,78587
549,7,10.210256150345176,0.44895479471088573,78471
550,7,10.227322027566775,0.4469538704048412,78739
551,7,10.204559434392666,0.44905571564202523,78516
552,7,10.198229473168368,0.4502097088908648,78523
553,7,10.212653702591359,0.45078031873722074,78674
554,7,10.21228613503876,0.4485069930259239,78729
555,7,10.205038975791288,0.4494607875661704,78652
556,7,10.199830400964306,0.44954930220832845,78522
557,7,10.215656683745237,0.44771223560510504,78591
558,7,10.20535567113712,0.4486090839210292,78530
559,7,10.20318424925729,0.4484624099468125,78514
560,7,10.219902079102415,0.4482707802878542,78609
561,7,10.198607704766049,0.44820712409161645,78527
562,7,10.218367292378867,0.4495712008106822,78675
563,7,10.204404486172404,0.4507235373700614,78531
564,7,10.217525440137539,0.4489442248638301,78611
565,7,10.216780584269632,0.44902709501194327,78561
566,7,10.211167583552365,0.450262185968518,78666
567,7,10.202319743516547,0.4497211522532899,78516
568,7,10.213409859117387,0.45104120351823956,78635
569,7,10.226436939559909,0.44823715690647203,78647
570,7,10.208664532432872,0.44858412947115467,78649
571,7,10.202929754098415,0.4498203180104475,78481
572,7,10.203785005999418,0.45048889290727323,78630
573,7,10.207787460485251,0.4483326176599303,78507
574,7,10.213530892107388,0.4483800638481744,78568
575,7,10.206349705520939,0.4491743875771432,78473
576,7,10.207804213395729,0.4497922000479132,78458
577,7,10.206154507906424,0.4490419963478551,78673
578,7,10.204111621291057,0.44943021093269186,78638
579,7,10.216746281005271,0.4484722143049492,78634
580,7,10.205725633749676,0.4513800880494188,78548
581,7,10.214087957310703,0.44885310034354126,78568
582,7,10.210731816436349,0.44811739979592197,78627
583,7,10.216435345544316,0.4480660278631176,78573
584,7,10.22680990449951,0.44801064702332977,78664
585,7,10.211322015215252,0.4502417872471086,78527
586,7,10.211922571680791,0.4490946301136862,78552
587,7,10.208809616588448,0.4496678799231457,78623
588,7,10.213503276910165,0.45013220337954307,78548
589,7,10.216718375337486,0.4474028433962131,78585
590,7,10.211349184884149,0.44938877973584046,78695
591,7,10.213713980981668,0.44900553091941364,78655
592,7,10.211459609676043,0.4485502664688683,78660
593,7,10.223264853483983,0.449743364748698,78602
594,7,10.220680026791507,0.44907785437744885,78644
595,7,10.209558367655207,0.4510052281893344,78642
596,7,10.210238556162498,0.4498831653525092,78707
597,7,10.209079725287245,0.44785197542606237,78612
598,7,10.204267972628488,0.4482110745935292,78595
599,7,10.214909898363102,0.44884260355290206,78511
600,7,10.204401399562855,0.44932232686978885,78527
601,7,10.203238670343627,0.4484857088654345,78530
602,7,10.222732778182891,0.44963112195820676,78615
603,7,10.222426327287675,0.449295933403075,78621
604,7,10.202978826145118,0.4491741381609329,78648
605,7,10.21699769399564,0.448987561764274,78624
606,7,10.206945367806249,0.4494881536002842,78665
607,7,10.210984918971219,0.4513107195695257,78645
608,7,10.20779899671985,0.44915229183308725,78580
609,7,10.209409340489582,0.44921447918355545,78633
610,7,10.21705066219251,0.45055710907024776,78523
611,7,10.221963389740576,0.44794595002293125,78665
612,7,10.219713217775658,0.44935307344201064,78758
613,7,10.212635739838154,0.44843629427803455,78555
614,7,10.211118574285466,0.4486623239441878,78471
615,7,10.210590368906908,0.4506155501991178,78595
616,7,10.218533282207407,0.4493706493112058,78609
617,7,10.208620571143753,0.4505865162789089,78581
618,8,10.272896158871706,0.430296292921789,80731
619,8,10.280428217390812,0.4282664389304365,80631
620,8,10.275896984778406,0.43102733538492444,80532
621,8,10.283129871843146,0.4302921798098739,80651
622,8,10.2640799222191,0.42984566528358836,80583
623,8,10.277743324622554,0.43049337984974634,80607
624,8,10.279824493658213,0.43080541517189536,80632
625,8,10.276075338703219,0.4301754677861839,80617
626,8,10.280154509647621,0.43075058245016845,80675
627,8,10.27758007215955,0.42973331468540005,80540
628,8,10.27825548869639,0.4303012346184515,80523
629,8,10.27566520192096,0.4308290537214282,80633
630,8,10.274627316057014,0.4309578210974536,80576
631,8,10.274592458179395,0.4327961276556111,80584
632,8,10.26895774306391,0.43057526567901894,80611
633,8,10.273936469122892,0.43028005490422655,80568
634,8,10.27468251364179,0.4310975637166289,80618
635,8,10.27775262729729,0.42947365678702426,80589
636,8,10.285572758263154,0.4296242856604931,80709
637,8,10.271068563946624,0.4313594158251363,80619
638,8,10.275188836872958,0.42890485248659976,80589
639,8,10.263042137062584,0.4308426677079474,80650
640,8,10.271027805584543,0.4322018147203057,80664
641,8,10.276433654289704,0.4295742674168131,80521
642,8,10.267506209107113,0.430144094858335,80587
643,8,10.284495540932832,0.4309250399837821,80638
644,8,10.280373545863721,0.42963496024774334,80676
645,8,10.269475751951434,0.43024839616588695,80555
646,8,10.279363251833505,0.4286624281749753,80734
647,8,10.272375689323884,0.43002532729147586,80557
648,8,10.275803716001711,0.4294068811272774,80548
649,8,10.272806275572549,0.4317395953552331,80605
650,8,10.260414214488948,0.43101308788414555,80550
651,8,10.272406100735761,0.4294183289680285,80560
652,8,10.267738579248283,0.4309547600059123,80562
653,8,10.263482322768635,0.43094854396374677,80474
654,8,10.27916129026065,0.42954018226095936,80697
655,8,10.268758946671168,0.4310507340036313,80656
656,8,10.267720247794731,0.4306366862844355,80541
657,8,10.264262931073214,0.4299092536047126,80636
658,8,10.278465037635272,0.43039533487179243,80578
659,8,10.268825965456596,0.43068076533447663,80642
660,8,10.27537164616212,0.42925843676775066,80606
661,8,10.282359728005984,0.4282173839766078,80639
662,8,10.276940947253339,0.4308280685250334,80639
663,8,10.270805353579968,0.42991035047217246,80533
664,8,10.266626902295874,0.4305531501262514,80546
665,8,10.267355826208746,0.4323136180622839,80708
666,8,10.28936110256348,0.42982756502887504,80681
667,8,10.278258303667426,0.4314983184455631,80679
668,8,10.260055476317627,0.4309141532824465,80603
669,8,10.282345345873047,0.43017285043051057,80689
670,8,10.273853660854442,0.42999126498823304,80671
671,8,10.270732113951482,0.43144074490251266,80582
672,8,10.265727822249282,0.430694682218272,80609
673,8,10.273241136407815,0.42929864302222465,80661
674,8,10.269567246949524,0.4311136396622642,80589
675,8,10.275372649357731,0.4311372761671104,80683
676,8,10.277940963354714,0.4318299386396718,80661
677,8,10.268817488867485,0.43262972728649207,80599
678,8,10.265891781933872,0.4300901806745035,80569
679,8,10.27355621811166,0.4300521496018188,80684
680,8,10.257568364618685,0.43198982018711096,80578
681,8,10.267687426483265,0.4296647744481272,80572
682,8,10.278939135513813,0.42937137291695315,80494
683,8,10.267372651060386,0.4297832714642111,80507
684,8,10.268375547318863,0.42948004709323434,80535
685,8,10.282101646361932,0.4301299787446122,80728
686,8,10.26916641549674,0.4298788794334859,80600
687,8,10.281712569432237,0.4292065612252176,80582
688,8,10.273669362581135,0.4291735282928572,80604
689,8,10.270699587512723,0.43204976835611913,80449
690,8,10.27616749071383,0.4294415521892578,80546
691,8,10.272824693741773,0.4300814416151565,80663
692,8,10.274656443799035,0.4294355422905368,80541
693,8,10.271422512703612,0.4290494878504963,80552
694,8,10.275756424866305,0.4288167508999945,80726
695,8,10.280663484348901,0.4305052913624215,80547
696,8,10.259261333746357,0.4310978212008092,80575
697,8,10.274036324654134,0.4305072729219049,80696
698,8,10.2691484360332,0.4302057213060051,80490
699,8,10.27522827921998,0.43068705555027476,80610
700,8,10.278386975806336,0.42996827944469945,80682
701,8,10.274187813919015,0.4299736854408597,80632
702,8,10.270018517799999,0.4317393117175423,80662
703,8,10.278852128831902,0.42995288934990156,80610
704,8,10.275690608335143,0.42997458318195714,80600
705,8,10.275822343392448,0.4310934903319356,80542
706,8,10.283612907010996,0.42980216003957405,80511
707,8,10.267203378191047,0.43015251951548417,80474
708,8,10.270806959519332,0.4319441198154772,80523
709,8,10.282397707446309,0.42930100318778086,80708
710,8,10.26704186732526,0.4301601952160496,80655
711,8,10.272489216694616,0.4308498850124931,80535
712,8,10.27065063349476,0.4294843662351154,80602
713,8,10.267617777577534,0.43071421766778684,80575
714,8,10.262284454252436,0.4310522574703446,80564
715,8,10.269271704676438,0.4298028273847523,80520
716,8,10.2692230509318,0.4296116979947409,80512
717,8,10.278773722966665,0.42905015781082245,80596
718,9,10.324971562144068,0.41323720062960695,82221
719,9,10.328598608701741,0.4134117367784126,82221
720,9,10.320544963827668,0.41445135812258677,82092
721,9,10.320905127880907,0.4147320367915323,82041
722,9,10.327607063874861,0.4143327770745457,82246
723,9,10.337371239046808,0.41412769963594626,82102
724,9,10.320129221900311,0.414271262077342,82070
725,9,10.328434256447519,0.4163283857280715,82202
726,9,10.320541714492714,0.4146566462934819,82118
727,9,10.328737977822273,0.41413863837980364,82075
728,9,10.327938205914363,0.4144293260444103,82115
729,9,10.328424152511232,0.4134532014329601,82222
730,9,10.327694016337599,0.41369767579513095,82095
731,9,10.316504051499573,0.41472768782596015,82191
732,9,10.338546637536844,0.4124721869970468,82198
733,9,10.32797649838475,0.41398411796263834,82106
734,9,10.317600453756873,0.4143749778890651,82102
735,9,10.336407620552984,0.41358985941116355,82304
736,9,10.3215093892921,0.41305008281751554,82086
737,9,10.325127979894013,0.4156904324825375,82192
738,9,10.323620274173798,0.4139995292504974,82129
739,9,10.329009135333205,0.4128620883874327,82211
740,9,10.326449270105318,0.413630922256605,82207
741,9,10.325716631274629,0.4140382686046155,82205
742,9,10.329780765833497,0.41452061927375755,82241
743,9,10.316199407056233,0.414534787634287,82151
744,9,10.322365989000012,0.4150405037255619,82107
745,9,10.333738922786614,0.41364822728154976,82136
746,9,10.328530233338906,0.41290862282805596,82118
747,9,10.318674197349557,0.4152713970416715,82134
748,9,10.326663766926297,0.4123755973978749,82135
749,9,10.324187145593795,0.4141589988236665,82149
750,9,10.320959367581285,0.4137211736089534,82099
751,9,10.331715689359568,0.41420962307079523,82195
752,9,10.33546632126926,0.41287085805917534,82179
753,9,10.325542189922945,0.41401191071897814,82140
754,9,10.31586941614632,0.41451172349451343,82064
755,9,10.32172878073716,0.4159147661369774,82134
756,9,10.319161075653978,0.41357359621617545,82130
757,9,10.327851949499822,0.4145761017654432,82163
758,9,10.318047253832136,0.41418598529964074,82114
759,9,10.330267641201777,0.4119054376029293,82188
760,9,10.334640499094238,0.41395912585263667,82176
761,9,10.323615509852209,0.4144389329108723,82154
762,9,10.32306224070797,0.4144451820048837,82028
763,9,10.320284112909007,0.41454861982741553,82274
764,9,10.333771839441832,0.41352453267053835,82261
765,9,10.323989259362019,0.4145577040102154,82097
766,9,10.32730235257269,0.4131919324450829,82100
767,9,10.318021447252198,0.41424617621927784,82075
768,9,10.326820541817263,0.4157026264172613,82123
769,9,10.331243746177579,0.4132303624954536,82241
770,9,10.322548701665918,0.4144404793866046,82026
771,9,10.337054322622397,0.4135661428506823,82091
772,9,10.328312840507607,0.4139105154548198,82146
773,9,10.326080348154354,0.41587477279745805,82271
774,9,10.31663606422945,0.41527010006137316,82166
775,9,10.320777962779959,0.41427618295399304,82142
776,9,10.325393134763024,0.4133594611816093,82249
777,9,10.33248529310433,0.41396661897251685,82267
778,9,10.325972709610541,0.4135976900001327,82207
779,9,10.323043466339222,0.41508330205862715,82098
780,9,10.329051508711201,0.4146705089553077,82151
781,9,10.331991877716424,0.41392435048585324,82080
782,9,10.33541878312845,0.4143029244304389,82199
783,9,10.320033011848812,0.41484194837669686,82158
784,9,10.324364580096058,0.41322981083023386,82181
785,9,10.317916218008193,0.41337862390727503,82098
786,9,10.320139082960786,0.41478021081820987,82103
787,9,10.321785418481682,0.41413656574131824,82185
788,9,10.318997065638001,0.4143383991947557,82207
789,9,10.317292386050898,0.4135702621143612,82173
790,9,10.320748100796173,0.4140729033715767,82099
791,9,10.330454939183824,0.4128638432821907,82282
792,9,10.316576295608929,0.414078616782954,82176
793,9,10.317156248552955,0.41476642980059614,82131
794,9,10.3222841094103,0.414995637455128,82124
795,9,10.321025888117392,0.41440761133773657,82117
796,9,10.323060575800383,0.41473573698468114,82180
797,9,10.329987667008549,0.41475992470437023,82093
798,9,10.326364167033951,0.41383923756386454,82189
799,9,10.319523755502383,0.41419911538526605,82161
800,9,10.325472125140433,0.4136930973080092,82204
801,9,10.321795811080653,0.4132237552544492,82143
802,9,10.316975280771906,0.41356822252143305,82030
803,9,10.331668788270491,0.41460346919217056,82120
804,9,10.329209388060438,0.413531820438435,82138
805,9,10.326222637791478,0.41474631320856103,82236
806,9,10.330141642226007,0.41416131439671894,82200
807,9,10.334589476155195,0.41388747779383267,82187
808,9,10.322550742834576,0.4159004269691429,82262
809,9,10.330610320315099,0.415119099326866,82224
810,9,10.31952252980445,0.414110563388944,82095
811,9,10.32508536384586,0.41304505487160076,82153
812,9,10.32393120562579,0.41480564876145154,82197
813,9,10.32112674958719,0.4141754184416609,82134
814,9,10.322265175735497,0.4148830996034308,82223
815,9,10.323875464842057,0.4148718010832349,82206
816,9,10.31218844552881,0.4138119209241644,82088
817,9,10.308073813316234,0.4146538273585019,82081
818,10,10.367655506674756,0.3995022900073567,83307
819,10,10.36843400056459,0.3997927685345955,83450
820,10,10.372321363551322,0.3993513481082049,83271
821,10,10.371504948283368,0.3987321362520503,83455
822,10,10.377599370686111,0.3984522628352074,83386
823,10,10.36441754220113,0.3997053692397628,83368
824,10,10.374539597886308,0.39827227137291804,83374
825,10,10.368951850602526,0.39928280228507723,83293
826,10,10.365534088398341,0.39987554450218704,83335
827,10,10.369973427534243,0.39936482836410564,83402
828,10,10.369894020626486,0.39987559108815296,83296
829,10,10.364528211091057,0.40058171615151045,83318
830,10,10.366391579931362,0.4004591763444871,83305
831,10,10.37256385415505,0.3991652084755797,83412
832,10,10.373020407866967,0.4002332573453857,83443
833,10,10.370574235870087,0.39900254775262134,83401
834,10,10.365338196101803,0.39995293962462225,83347
835,10,10.36472077534058,0.3984779246530496,83360
836,10,10.368299257022281,0.39984470446381704,83424
837,10,10.3693462780213,0.39944630780079193,83356
838,10,10.355488134948748,0.40109642608436485,83323
839,10,10.363935344258426,0.39976523638434575,83412
840,10,10.362903342255436,0.4009709359026821,83317
841,10,10.366252529153561,0.3991190101090135,83395
842,10,10.365600819750762,0.3995958016097787,83321
843,10,10.368866497494993,0.3994924531881457,83286
844,10,10.37199338749465,0.40004066224128376,83403
845,10,10.378863371753187,0.39893813489441454,83426
846,10,10.37036619768863,0.3995474604603968,83352
847,10,10.366323327478751,0.40035612283894517,83287
848,10,10.365798269396798,0.40022194579351394,83389
849,10,10.374684896662428,0.4003013327960356,83321
850,10,10.3700480056041,0.39999105668186685,83377
851,10,10.378898862597362,0.3992251843329749,83394
852,10,10.37276090789816,0.3990821088441381,83370
853,10,10.370384622180236,0.40030095485632944,83347
854,10,10.369716311238218,0.4000637887999295,83457
855,10,10.371209696081932,0.39996981166666773,83413
856,10,10.369741141957405,0.4003310575111678,83322
857,10,10.36435731840502,0.39889439906855645,83416
858,10,10.37024510214766,0.4002265325531266,83483
859,10,10.369518144172384,0.39985992990241487,83283
860,10,10.364972458990461,0.39953005870970704,83429
861,10,10.369479620255579,0.40022121539052674,83410
862,10,10.368362352093676,0.4010027658796468,83336
863,10,10.3634491431874,0.3998050611373862,83389
864,10,10.367779083498917,0.39910555827944044,83351
865,10,10.36493309680548,0.39894143528138176,83332
866,10,10.369157321944034,0.3997032264210504,83325
867,10,10.363409236143289,0.4000143387731912,83348
868,10,10.368968572830656,0.39841719591686253,83397
869,10,10.369688165479872,0.3993970808764528,83435
870,10,10.365078801943442,0.3998193790466071,83370
871,10,10.364696473221224,0.3999731808740913,83455
872,10,10.37517011644523,0.3987713362876383,83344
873,10,10.359698964704368,0.4005167970980208,83263
874,10,10.376519135335835,0.3984198164767825,83346
875,10,10.36751406509156,0.3998881130948809,83347
876,10,10.361910310743006,0.4005416915066943,83324
877,10,10.375407054758682,0.400549947875094,83420
878,10,10.378618072103784,0.3993886698743943,83426
879,10,10.375961137199809,0.4008953786872028,83374
880,10,10.362712672148387,0.3986427499437182,83383
881,10,10.367301882938555,0.39965010597297895,83386
882,10,10.367689397582879,0.3998234573085932,83380
883,10,10.365599973033007,0.3999584209354927,83322
884,10,10.380409235925184,0.39966586125147996,83432
885,10,10.36869890991335,0.4002251837899156,83335
886,10,10.363808010925053,0.39968879684195685,83390
887,10,10.366515802477808,0.40151250939116007,83307
888,10,10.364199259408995,0.3996560045279947,83377
889,10,10.368225925257311,0.40056901427419733,83407
890,10,10.364608507491946,0.40096014064462854,83412
891,10,10.366576275630765,0.3994439468573116,83408
892,10,10.372021285193265,0.402131226714974,83402
893,10,10.36824108924708,0.4010317142303447,83332
894,10,10.371051823745955,0.39975953327466407,83442
895,10,10.373083951610097,0.3997026302812666,83401
896,10,10.374560288931622,0.39953201515428255,83385
897,10,10.368352831620554,0.39899110777385977,83390
898,10,10.37267669239884,0.40050627559129215,83386
899,10,10.368095297973609,0.39984583014530145,83454
900,10,10.36360642761569,0.4002516406028367,83377
901,10,10.362903342255436,0.4009709359026821,83317
902,10,10.35714301861933,0.4002833600739947,83321
903,10,10.37880858279506,0.40009830176742944,83393
904,10,10.360423326443113,0.39976945656186613,83362
905,10,10.367317563571062,0.3997657075371406,83343
906,10,10.371929992847141,0.39941393819872595,83373
907,10,10.371463968833252,0.39933795377350606,83403
908,10,10.362392748805936,0.3989270576851867,83323
909,10,10.379039508765945,0.3999393835842358,83399
910,10,10.3682236451359,0.40076115718636807,83416
911,10,10.369544327552077,0.40026842178204386,83424
912,10,10.36692978861596,0.4003891411307246,83350
913,10,10.365186916916777,0.39960819571192785,83400
914,10,10.369745636635724,0.39973843596100256,83325
915,10,10.369166131063615,0.3991959927809146,83495
916,10,10.358423781297533,0.4000688045133207,83341
917,10,10.365637684424948,0.3997542611761652,83305
918,11,10.40635999665443,0.3872244036268806,84327
919,11,10.406103489815356,0.3871731966519008,84398
920,11,10.410147262157144,0.38622407938678444,84305
921,11,10.401083904680805,0.386742291445454,84316
922,11,10.402767594752834,0.38755592564358843,84382
923,11,10.405555138254348,0.3870877500571043,84308
924,11,10.407611112259005,0.38704247541796116,84304
925,11,10.40431649282928,0.38670339463603065,84327
926,11,10.40216227681807,0.38601927620246906,84316
927,11,10.411655213015692,0.3869226388437202,84331
928,11,10.405576520284034,0.38701894990726565,84311
929,11,10.405250870144299,0.387502631899926,84354
930,11,10.403870427710794,0.38682449423982984,84348
931,11,10.403903965286466,0.3867683683953598,84263
932,11,10.405438525138402,0.386253935944396,84406
933,11,10.406899587859954,0.3865225723074105,84304
934,11,10.406682476020446,0.3873751983633092,84310
935,11,10.405433486329214,0.38717868835262687,84354
936,11,10.40451676131143,0.387179201933771,84285
937,11,10.402397721174646,0.38670303436371245,84289
938,11,10.400010839204638,0.38714141089555787,84304
939,11,10.408543963163286,0.38757950255387025,84351
940,11,10.402784378686762,0.3882104808328637,84357
941,11,10.404066317013088,0.38857323098009944,84304
942,11,10.410457727974308,0.3870536267527207,84343
943,11,10.41219247205711,0.38769677497967364,84354
944,11,10.39703819269285,0.3881092338527058,84310
945,11,10.410014413401663,0.38798488207895854,84296
946,11,10.401825777395365,0.3877656421890012,84281
947,11,10.40600741315279,0.3866566456374416,84274
948,11,10.402429291153684,0.38759013475915016,84332
949,11,10.409014740430713,0.38711228765224664,84297
950,11,10.409642721299086,0.38730483943021354,84313
951,11,10.404002193903517,0.38693266248768876,84310
952,11,10.397466898650825,0.3868352000948422,84264
953,11,10.401021827583296,0.38790810166693807,84366
954,11,10.407982457836438,0.38551292415994937,84296
955,11,10.403777773895422,0.38634229722149904,84245
956,11,10.410081907104852,0.3875391124567396,84412
957,11,10.4024572858878,0.38735119298223936,84238
958,11,10.409845101994652,0.38754867812986465,84311
959,11,10.405738918097029,0.3873489362800782,84356
960,11,10.404964762115325,0.3875933546947753,84363
961,11,10.404653504494004,0.38751452917325896,84358
962,11,10.410476973781547,0.387648816908358,84361
963,11,10.400161078598176,0.3876472487868945,84333
964,11,10.411200710069823,0.386666089107694,84409
965,11,10.407024614399557,0.38783400649419353,84360
966,11,10.411592396012624,0.38642521232038446,84338
967,11,10.405476157607126,0.38716352311944874,84300
968,11,10.404940995397244,0.38591542560924913,84365
969,11,10.412291826666753,0.38589664921047984,84373
970,11,10.402608944063996,0.386605380659579,84309
971,11,10.40447452840247,0.38773011899991355,84273
972,11,10.411045412647706,0.38826496837784785,84316
973,11,10.40577251081914,0.38799162295105777,84370
974,11,10.411727229659652,0.38716375067661757,84309
975,11,10.407522698975807,0.38710062721738436,84374
976,11,10.407383809259496,0.38674092038244673,84309
977,11,10.402905031409729,0.3869088671519498,84315
978,11,10.40194960001791,0.3869564802511345,84281
979,11,10.408119362337144,0.38600777398279257,84345
980,11,10.409340960734214,0.38694440010644054,84315
981,11,10.401162380988564,0.38766493108541733,84272
982,11,10.399099973321547,0.3876782544964831,84321
983,11,10.403946438490873,0.38670315445699405,84309
984,11,10.397095111019437,0.38703140061408325,84282
985,11,10.406103489815356,0.3871731966519008,84398
986,11,10.407255098683605,0.387022360365589,84346
987,11,10.402229222127094,0.3864108518411818,84279
988,11,10.402359620223965,0.3874901351394818,84338
989,11,10.40843955374806,0.38729432448044965,84293
990,11,10.398713542287133,0.388370056461521,84294
991,11,10.413070485650383,0.3877259812735326,84329
992,11,10.401443506842204,0.38754924770173294,84411
993,11,10.399503769902873,0.38731352708757,84353
994,11,10.40586804163613,0.3867092896287406,84329
995,11,10.408110746155858,0.386622918386591,84357
996,11,10.414906156661086,0.3868147462074157,84394
997,11,10.406191427738522,0.38620464341244853,84399
998,11,10.411313230599095,0.3876863113363926,84344
999,11,10.404056801428133,0.38721274656324445,84358
1000,11,10.408919685039391,0.3870315028253376,84344
1001,11,10.402392736956525,0.3878510131871007,84284
1002,11,10.411213717479143,0.38634495228371857,84324
1003,11,10.410171743304677,0.38691727932682274,84344
1004,11,10.407355799529334,0.3878594233064184,84341
1005,11,10.40809530794346,0.38698261383507226,84333
1006,11,10.403152907284904,0.3869629624010836,84365
1007,11,10.403374235898646,0.38721209823553104,84264
1008,11,10.401480260222275,0.3874695942637899,84314
1009,11,10.40127680333561,0.38818391903571037,84267
1010,11,10.402814371963819,0.38874750455192353,84310
1011,11,10.40484752544004,0.3876603550662029,84388
1012,11,10.406256157177424,0.3866287856428209,84324
1013,11,10.402896829019157,0.3869887045630915,84268
1014,11,10.403925598313602,0.38721522685388665,84308
1015,11,10.413359609627133,0.3874241480061042,84313
1016,11,10.401195587292923,0.3868814690579916,84263
1017,11,10.404218746479865,0.3860119764279893,84345
1018,12,10.446605017207878,0.37616704202354073,85091
1019,12,10.435772666001094,0.37625965877430745,85104
1020,12,10.43592180794431,0.3762490302383536,85103
1021,12,10.436906356900394,0.3755478877726635,85051
1022,12,10.441154026967645,0.3753002750803293,85131
1023,12,10.437428064073805,0.3754242563831978,85129
1024,12,10.441532391547836,0.37582282110734727,85140
1025,12,10.433640361973042,0.37557900815068984,85059
1026,12,10.441982204192236,0.3761139702769646,85179
1027,12,10.438153104063648,0.37540166951623083,85039
1028,12,10.436593015007702,0.3758474447609726,85116
1029,12,10.432170170356338,0.37678053019193,85025
1030,12,10.440410003409275,0.3754202951893211,85133
1031,12,10.439958614537343,0.37585208057581954,85128
1032,12,10.445856803680432,0.3755306947659125,85126
1033,12,10.442128687361652,0.3752349117558313,85188
1034,12,10.435894308553266,0.37657291647467117,85074
1035,12,10.437592017511943,0.3758778938629101,85043
1036,12,10.440896931002655,0.37531489239578786,85092
1037,12,10.438952458293743,0.37551112895603617,85092
1038,12,10.429828212078396,0.37746078172905384,85094
1039,12,10.446067334593359,0.37605511986697693,85068
1040,12,10.435816825924318,0.3760945949534789,85076
1041,12,10.431001217114963,0.37590612999349554,85045
1042,12,10.43904202309151,0.3758416417461146,85105
1043,12,10.441190469166814,0.37495513533208036,85074
1044,12,10.437526567739402,0.37647001439866606,85171
1045,12,10.44280778671625,0.37538674371566044,85120
1046,12,10.440380927353404,0.37656178573493904,85127
1047,12,10.435693569931516,0.37660502569451093,85137
1048,12,10.439066697500321,0.37598118195371477,85104
1049,12,10.439868930195573,0.37538400908417524,85076
1050,12,10.438111138830237,0.3764106083507641,85069
1051,12,10.439137970651942,0.37550974171243845,85160
1052,12,10.437887422880811,0.37465079566485615,85069
1053,12,10.437512409147246,0.376160536703692,85079
1054,12,10.438874487699815,0.37556594796677023,85096
1055,12,10.43388452375235,0.3749706097289955,85052
1056,12,10.434541903513939,0.37564472977609803,85095
1057,12,10.440665919115204,0.37649718191882237,85143
1058,12,10.438146341494553,0.3753655719807605,85088
1059,12,10.440257483257778,0.3748424659761224,85115
1060,12,10.43926735999989,0.37510847756307,85077
1061,12,10.435604984087027,0.3753478521876106,85105
1062,12,10.440249415944306,0.3754566719388665,85134
1063,12,10.435028419176192,0.3778917370179375,85157
1064,12,10.442039168904751,0.3752086240585425,85172
1065,12,10.439688283243658,0.37550011093797186,85147
1066,12,10.440936416465092,0.37568414379257364,85133
1067,12,10.439916371399432,0.3757196575340606,85177
1068,12,10.437839511195081,0.37585141136987915,85067
1069,12,10.438567551661455,0.3753259968015187,85143
1070,12,10.439372616237907,0.37563859009422845,85089
1071,12,10.446153394479909,0.37542211432987027,85109
1072,12,10.432308517241152,0.37501482180811585,85033
1073,12,10.434165872284916,0.37615927998304916,85064
1074,12,10.434429297676006,0.3759031694969538,85078
1075,12,10.441508985111051,0.3748283917060847,85116
1076,12,10.43713464980027,0.375610985808391,85100
1077,12,10.442788262246006,0.37643097333005526,85093
1078,12,10.440840388668517,0.37532930143834525,85026
1079,12,10.44594239506948,0.3749056536958039,85159
1080,12,10.44040803175228,0.3759646654464061,85128
1081,12,10.440250780563963,0.3758181445065601,85061
1082,12,10.430724034378738,0.3757144348301707,85028
1083,12,10.438835382203786,0.3767382140382465,85089
1084,12,10.441075192332299,0.3751583955454075,85145
1085,12,10.429899390058802,0.37685503404203374,85047
1086,12,10.440746504431655,0.37469573724758953,85095
1087,12,10.437199753193713,0.3757276824162733,85087
1088,12,10.439652200219262,0.3752799798998125,85077
1089,12,10.434424051607056,0.37724910987758536,85080
1090,12,10.433526589438886,0.37483129040033214,85072
1091,12,10.440283071063284,0.3759761889229481,85103
1092,12,10.443495795252234,0.37555828581562556,85095
1093,12,10.437129658697772,0.37561359624182356,85097
1094,12,10.43639112204181,0.3764876360179361,85087
1095,12,10.42797307600546,0.37582835840013407,84997
1096,12,10.43438759753995,0.3747525698634144,85103
1097,12,10.445471853266344,0.37548448225913306,85158
1098,12,10.435610678906393,0.3757400171947525,85059
1099,12,10.435229579910352,0.3761321381202399,85110
1100,12,10.44260133497908,0.3752103098069359,85088
1101,12,10.434508131918871,0.37509954301860765,85047
1102,12,10.4322980224294,0.37593449980062116,85107
1103,12,10.433543761641095,0.3766259106715612,85140
1104,12,10.439736281941084,0.3754762788817211,85103
1105,12,10.440174193046321,0.37511715222708564,85141
1106,12,10.435601605959272,0.3762870143517336,85104
1107,12,10.434398458939201,0.3756909551596629,85098
1108,12,10.442421944132752,0.3761108419364613,85117
1109,12,10.434141202921957,0.3758736252080676,85092
1110,12,10.438183381443999,0.37561939682742435,85116
1111,12,10.440945600748385,0.37538206089119314,85083
1112,12,10.437058003817548,0.3747299561173054,85057
1113,12,10.436922796671485,0.376649905062212,85091
1114,12,10.434310309237066,0.37642740787729606,85038
1115,12,10.44942630661646,0.37530136610658665,85129
1116,12,10.447455227029353,0.374752286286664,85067
1117,12,10.438373831993339,0.3755004112302587,85066
1118,13,10.464450875918804,0.3651790729603124,85692
1119,13,10.462640581944244,0.3657550199539781,85713
1120,13,10.467312682391741,0.36566287087053045,85685
1121,13,10.462918105789775,0.3652470900876765,85678
1122,13,10.4653689696198,0.3654241608359931,85748
1123,13,10.465702334184943,0.365147658108642,85720
1124,13,10.464227614662828,0.36461503124076794,85675
1125,13,10.465957736782679,0.3663453535869178,85763
1126,13,10.464791855869171,0.36484822692231333,85758
1127,13,10.467327392266665,0.3657399181313121,85656
1128,13,10.46748571867297,0.3656423822061923,85676
1129,13,10.468351930577438,0.365605972502219,85736
1130,13,10.470043482904046,0.3654999165367448,85752
1131,13,10.468369620612073,0.3647695748834693,85699
1132,13,10.47373992896038,0.36589387783251076,85724
1133,13,10.461782135703903,0.36544295685049066,85674
1134,13,10.465819516575742,0.36578231521338234,85690
1135,13,10.4585531629023,0.36548946849018404,85682
1136,13,10.46603558795555,0.36593956918633386,85664
1137,13,10.465714340156032,0.36434863065854994,85742
1138,13,10.469819372806532,0.36452782993116545,85760
1139,13,10.461499286695844,0.36603979953356564,85767
1140,13,10.462471214930394,0.3659776813278627,85678
1141,13,10.466973048575035,0.36499878693613813,85686
1142,13,10.469505831408561,0.3650693412091909,85739
1143,13,10.467468864049426,0.36555016803380325,85668
1144,13,10.46943797047305,0.36514081754690225,85708
1145,13,10.46793557796088,0.36399940775149825,85718
1146,13,10.46314760597656,0.36515589636667095,85683
1147,13,10.46579887688578,0.3646964099061316,85666
1148,13,10.466267727463393,0.36569489510978365,85693
1149,13,10.469369295986937,0.36484310352237026,85739
1150,13,10.465184986766095,0.36627349649284324,85745
1151,13,10.466674665777639,0.3650692115026211,85717
1152,13,10.466765354402096,0.36478356302713505,85733
1153,13,10.464056054549015,0.36522874868857197,85721
1154,13,10.469007566468735,0.36554525991606807,85672
1155,13,10.46424379668264,0.36587583134991747,85728
1156,13,10.468410799671584,0.36528236791736857,85767
1157,13,10.46376857228207,0.36570619460169734,85727
1158,13,10.467380090524054,0.36571098512291494,85748
1159,13,10.463644573522894,0.366022374112441,85715
1160,13,10.467280389222221,0.3663803985003521,85635
1161,13,10.46625393032576,0.36559674862697344,85703
1162,13,10.469674731443503,0.3658178373530972,85676
1163,13,10.468225313791928,0.3644906699472009,85696
1164,13,10.467237962868648,0.3656445372403535,85712
1165,13,10.473371861534561,0.3659137171518516,85762
1166,13,10.463287978707664,0.364602229092112,85733
1167,13,10.462787973284534,0.36575230860997576,85752
1168,13,10.47217413156311,0.36518430251947226,85738
1169,13,10.46951076829947,0.3656385917575731,85706
1170,13,10.469765646915654,0.36444088886128345,85745
1171,13,10.467294068479111,0.36539510600555647,85719
1172,13,10.462012235982387,0.3651544651926797,85746
1173,13,10.462101245539657,0.36623321402538556,85701
1174,13,10.466674665777639,0.3650692115026211,85717
1175,13,10.473610054782304,0.36561764657722706,85759
1176,13,10.466884482437518,0.3655131458003914,85727
1177,13,10.46555763645433,0.36487517614580356,85688
1178,13,10.462402537804989,0.36537860358419405,85740
1179,13,10.459396277622576,0.3657941947685943,85714
1180,13,10.471116768562599,0.36562700999362524,85666
1181,13,10.46725939331064,0.3652678687590249,85760
1182,13,10.472692670282491,0.3654020996369489,85706
1183,13,10.471335628934915,0.36557802182162163,85737
1184,13,10.463013382270889,0.3652372684833193,85728
1185,13,10.46971569489993,0.3649090393795032,85727
1186,13,10.46433814475536,0.3653460948257215,85695
1187,13,10.467909657140147,0.3646976433502719,85737
1188,13,10.46682370126107,0.365616353205113,85733
1189,13,10.468526534378194,0.36552427060237136,85799
1190,13,10.464691007638944,0.3661035181376329,85696
1191,13,10.461984702258599,0.36559928561693045,85735
1192,13,10.46909379344711,0.3648557378308328,85692
1193,13,10.467340028065223,0.36593682785820364,85700
1194,13,10.464002833248335,0.3657425882607403,85711
1195,13,10.463414985159257,0.3658256757862902,85691
1196,13,10.472069787724662,0.36537692289260465,85760
1197,13,10.463155399232782,0.366173152540386,85740
1198,13,10.468656039160473,0.365061026566056,85781
1199,13,10.470724431567762,0.3658090887174605,85662
1200,13,10.468162563730935,0.3654302885490331,85675
1201,13,10.458736478864889,0.36556668961365024,85674
1202,13,10.46993879885937,0.3648861968479837,85721
1203,13,10.464286650845942,0.36585960031276865,85685
1204,13,10.464497142928476,0.36593381809867886,85726
1205,13,10.463054950864834,0.3652665872258638,85731
1206,13,10.462412545507968,0.366079177359752,85702
1207,13,10.46182500065035,0.36595128808822075,85730
1208,13,10.467491986369469,0.36583745143365154,85633
1209,13,10.469724717141455,0.3649701309439638,85688
1210,13,10.46623731964804,0.3650999600357281,85735
1211,13,10.470122177128983,0.36573568691492736,85767
1212,13,10.460574981655311,0.3652807999931935,85669
1213,13,10.469226190876716,0.3651004085637705,85697
1214,13,10.465472280013561,0.3660437674428021,85796
1215,13,10.468828200198093,0.3651373102483472,85738
1216,13,10.46968193288012,0.36480511007140703,85751
1217,13,10.465520586119483,0.3654619445676555,85738
1218,14,10.49432060480827,0.3559374039737116,86218
1219,14,10.496540810337898,0.35588667800201684,86181
1220,14,10.48914854971766,0.35579823353922474,86198
1221,14,10.493182857099491,0.35562463596169946,86262
1222,14,10.488599848480657,0.3561564364032309,86165
1223,14,10.489936066658506,0.3554137302003599,86208
1224,14,10.491421238999362,0.3569391640233838,86241
1225,14,10.488100081913286,0.35565924228027745,86175
1226,14,10.493669426919613,0.35561196932631756,86253
1227,14,10.49182978430248,0.356273257410178,86169
1228,14,10.490362114065425,0.35600294710861674,86244
1229,14,10.492652341189023,0.35653541389713833,86292
1230,14,10.49654024877419,0.3559137208729979,86223
1231,14,10.492378069664607,0.35650873592784327,86222
1232,14,10.488889754701018,0.3559134418456555,86235
1233,14,10.492531720789692,0.3557590795326688,86203
1234,14,10.488274821833752,0.3557282387344844,86206
1235,14,10.491333892014177,0.35507270631775223,86190
1236,14,10.488320342545945,0.35654738018133497,86159
1237,14,10.497809767469375,0.35614859015456535,86222
1238,14,10.486930543064258,0.3559412057223819,86172
1239,14,10.487469158598465,0.3568843491255207,86175
1240,14,10.49083343960379,0.35629198597409945,86241
1241,14,10.491938222436511,0.3560662326877007,86253
1242,14,10.493571543408613,0.3558992420692949,86256
1243,14,10.491819410806851,0.35558459544616056,86180
1244,14,10.491405144857715,0.35625065300025466,86155
1245,14,10.491930077602278,0.3558253355533466,86239
1246,14,10.49333649770876,0.3560525070389248,86197
1247,14,10.487835603977956,0.35589968141189837,86231
1248,14,10.490017824222846,0.3559576030765322,86217
1249,14,10.497980762682568,0.3554264764293839,86199
1250,14,10.487532320524831,0.35582112181748105,86203
1251,14,10.48975862226103,0.3562794260384059,86226
1252,14,10.490814819571318,0.3557947000002887,86255
1253,14,10.493725751005261,0.35671254869878766,86206
1254,14,10.492030975697578,0.35575225915821346,86231
1255,14,10.495713746153383,0.35610061794387843,86210
1256,14,10.489582267668421,0.3565709864783433,86183
1257,14,10.491298043078046,0.355941603411109,86235
1258,14,10.492650686984634,0.3560667861455417,86165
1259,14,10.493520832044542,0.3555186957690248,86213
1260,14,10.488630107377778,0.3557038342724494,86185
1261,14,10.492926238854901,0.3561065958870396,86269
1262,14,10.491367935562014,0.35651713738265606,86188
1263,14,10.493916968934492,0.3562248761053674,86196
1264,14,10.494587512793423,0.35609016125778115,86232
1265,14,10.48805782839899,0.35620819346821925,86170
1266,14,10.491769474142316,0.35576377414649474,86183
1267,14,10.486755780897468,0.35577447602306905,86241
1268,14,10.49006241390487,0.35624473351617775,86241
1269,14,10.492140403007957,0.3562576004173016,86234
1270,14,10.49390472869075,0.35574299463421843,86185
1271,14,10.488449698476206,0.3563902404028664,86191
1272,14,10.48822835557602,0.3556461818791709,86197
1273,14,10.490587545094279,0.35630640404760516,86289
1274,14,10.494188370279987,0.35551517126750976,86274
1275,14,10.491428793635944,0.35613496214458196,86266
1276,14,10.488241284427943,0.3575806017148639,86248
1277,14,10.488384354914457,0.356423677386405,86208
1278,14,10.489426605150284,0.3561828604563046,86221
1279,14,10.49525204179795,0.3558369760203082,86194
1280,14,10.49214352932448,0.3565592852679827,86211
1281,14,10.489337989458656,0.3562354753382891,86226
1282,14,10.494518327655808,0.3556059195649449,86244
1283,14,10.500079934793325,0.3554425325289102,86206
1284,14,10.486325510234769,0.356604134612588,86182
1285,14,10.492380621218357,0.3560816432288228,86220
1286,14,10.49374705721843,0.35531760261752726,86212
1287,14,10.492785265451031,0.35660988312592784,86171
1288,14,10.489683822538066,0.3566125856501429,86240
1289,14,10.489387035724059,0.3559469343169735,86253
1290,14,10.493123792998615,0.35663619768722876,86245
1291,14,10.493155802961484,0.3554511193005335,86215
1292,14,10.497771680741776,0.3565326860193174,86207
1293,14,10.494613751773398,0.3554226321138461,86265
1294,14,10.490117506382685,0.35682322799782135,86224
1295,14,10.494301483226579,0.3564089682444501,86221
1296,14,10.495525488488141,0.3554232902101829,86246
1297,14,10.496756407458747,0.35527045360291026,86242
1298,14,10.48988089540693,0.3562410489154143,86175
1299,14,10.49142802050438,0.3554495387316682,86280
1300,14,10.49360835042797,0.3555868988146521,86209
1301,14,10.493979301331652,0.35669933150490096,86202
1302,14,10.494951409254082,0.3556914354593922,86241
1303,14,10.491564398790553,0.3555679860842111,86195
1304,14,10.488196442374141,0.356868218660829,86210
1305,14,10.490609788166198,0.356634752338085,86168
1306,14,10.490872033086397,0.3558717305763493,86189
1307,14,10.49651972332862,0.3555929590454116,86252
1308,14,10.487645365932044,0.3564850571404056,86191
1309,14,10.490769770796545,0.3561349446153206,86220
1310,14,10.491622526289108,0.3553935453182794,86225
1311,14,10.488439784339917,0.3561057272584607,86175
1312,14,10.48978088298855,0.356947146589346,86222
1313,14,10.493451973834148,0.35581037610329785,86209
1314,14,10.493099816421964,0.3561090665307595,86223
1315,14,10.487360289281712,0.3566073011556564,86201
1316,14,10.488366507451502,0.3560771464817504,86226
1317,14,10.49850893105617,0.3560689193816813,86237
1318,15,10.51120951378415,0.347373998076798,86592
1319,15,10.514884249311386,0.347203254834512,86604
1320,15,10.51617968992098,0.34708587534158214,86582
1321,15,10.511549605007835,0.34681634167390263,86607
1322,15,10.517612384507778,0.34737325605915764,86627
1323,15,10.51082814461116,0.3479065628952152,86602
1324,15,10.513829866607656,0.34638365136706306,86596
1325,15,10.509600101060121,0.3480672718197851,86619
1326,15,10.512885628944183,0.3471509965316247,86651
1327,15,10.512676905391498,0.3475197435054007,86613
1328,15,10.512992118031695,0.3478678475294086,86617
1329,15,10.516476175098282,0.34748098110541387,86607
1330,15,10.516649141272614,0.3472110614594779,86649
1331,15,10.513307341051233,0.34685565065400603,86608
1332,15,10.518736009706588,0.34700308601607505,86684
1333,15,10.51149621963963,0.3477204085657258,86616
1334,15,10.515213055126328,0.34800537724856834,86608
1335,15,10.51238743230012,0.3473129908850439,86623
1336,15,10.513070648579186,0.34762307597719433,86641
1337,15,10.510943546033314,0.34752789788520416,86622
1338,15,10.516274894654238,0.3467019775540761,86598
1339,15,10.51825124551468,0.3472587625324349,86665
1340,15,10.51443959810458,0.3471657972059046,86602
1341,15,10.5126552861769,0.34652861119809153,86596
1342,15,10.51934151020705,0.34719540065573934,86653
1343,15,10.517301615222218,0.34759593744437034,86597
1344,15,10.514126915693472,0.3479640985762183,86626
1345,15,10.511876414833623,0.34724200686177426,86615
1346,15,10.510749164973673,0.3476332474054623,86602
1347,15,10.5138944998433,0.34797787591885787,86637
1348,15,10.51141014290085,0.34755737461430813,86633
1349,15,10.514729807115616,0.34741729184110653,86639
1350,15,10.509715460543404,0.3471256257685546,86632
1351,15,10.5138887741259,0.34677291281897027,86641
1352,15,10.511405734128163,0.3475839194694155,86606
1353,15,10.513560144232727,0.3471742128224008,86622
1354,15,10.51038329556862,0.34810594457348926,86639
1355,15,10.515575889518075,0.3467005440502758,86625
1356,15,10.513702093046327,0.34779722513835787,86617
1357,15,10.517077388054128,0.34732067832651636,86637
1358,15,10.517612384507778,0.34737325605915764,86627
1359,15,10.512597815547053,0.3482300773074848,86621
1360,15,10.512440488978243,0.34778913590187427,86621
1361,15,10.512111917963882,0.347513337124503,86649
1362,15,10.51759031770322,0.3468822383722648,86640
1363,15,10.512111917963882,0.347513337124503,86649
1364,15,10.514737636918996,0.3469672499119749,86653
1365,15,10.51917908635866,0.34717510535528173,86628
1366,15,10.51335789337346,0.346912691241595,86614
1367,15,10.512037181822613,0.34787406653128344,86658
1368,15,10.512037194735193,0.3485543387410361,86669
1369,15,10.512573831648059,0.34730025353864674,86645
1370,15,10.512111659199663,0.3471124943475219,86596
1371,15,10.511833151568572,0.3472077091598035,86615
1372,15,10.512469852044651,0.34796809575219206,86612
1373,15,10.5126552861769,0.34652861119809153,86596
1374,15,10.514982373067877,0.3480608743320451,86654
1375,15,10.510859508564048,0.3474938077856901,86578
1376,15,10.515748984116557,0.34712461713445386,86612
1377,15,10.515321328215462,0.34683709002382473,86612
1378,15,10.51082814461116,0.3479065628952152,86602
1379,15,10.514294641221355,0.34764778302346777,86653
1380,15,10.518324570991703,0.34697543763789324,86606
1381,15,10.516355958416947,0.34729423135345633,86652
1382,15,10.511959181112834,0.3473507020817517,86588
1383,15,10.514729807115616,0.34741729184110653,86639
1384,15,10.51095129733465,0.34765329911785486,86601
1385,15,10.518277422942612,0.3475187413280205,86611
1386,15,10.513969527891144,0.34748046724674186,86671
1387,15,10.513625040658074,0.3474269341102114,86628
1388,15,10.515290416236997,0.3470408992186802,86651
1389,15,10.515794585659918,0.34780701232001326,86622
1390,15,10.513164990615993,0.34710258844733655,86632
1391,15,10.515396579654773,0.34745330713902056,86610
1392,15,10.510589575623307,0.34745202707255296,86584
1393,15,10.515587557136834,0.3475014887766018,86584
1394,15,10.519986733215715,0.34740340747983384,86613
1395,15,10.51604825592768,0.3474264192507755,86578
1396,15,10.51448182549315,0.34715343414103883,86622
1397,15,10.511176844615195,0.34769558371830295,86629
1398,15,10.51664113475037,0.34710081702068785,86628
1399,15,10.515016097955696,0.3474618763603768,86606
1400,15,10.51683704440531,0.34809394769463436,86637
1401,15,10.514296797369113,0.34675281992549417,86594
1402,15,10.515321328215462,0.34683709002382473,86612
1403,15,10.516384299310513,0.34682002680945667,86633
1404,15,10.51235819651101,0.34746832655286514,86629
1405,15,10.514562275010885,0.34757438067932994,86614
1406,15,10.510344048415599,0.3483944977564918,86636
1407,15,10.515430630497967,0.3471807018016908,86639
1408,15,10.510124934436599,0.34745141997370843,86595
1409,15,10.518661838353824,0.34745478661022366,86596
1410,15,10.517633841052856,0.3476612566508337,86608
1411,15,10.51347193326134,0.3478181332750627,86587
1412,15,10.51335789337346,0.346912691241595,86614
1413,15,10.51817744582591,0.3473715425940254,86667
1414,15,10.515753620724144,0.3466681144457384,86614
1415,15,10.516355958416947,0.34729423135345633,86652
1416,15,10.51484708115316,0.348103958160816,86608
1417,15,10.51335123591469,0.3477192459432436,86628
1418,16,10.53362501563501,0.33988200013708175,86938
1419,16,10.533910429975595,0.339469510629551,86948
1420,16,10.533185262916266,0.3394182041929023,86925
1421,16,10.53283747092664,0.3395586655337748,86909
1422,16,10.535268202320433,0.33965873103245153,86950
1423,16,10.536175152546438,0.33987494637039545,86913
1424,16,10.533295195121847,0.33978618824202744,86930
1425,16,10.532342489294654,0.33966738438366595,86933
1426,16,10.535418319170978,0.3395486287952912,86965
1427,16,10.532356277857884,0.3395661479576645,86921
1428,16,10.537656392027548,0.3394581985440054,86927
1429,16,10.532951813407122,0.3400898365388005,86936
1430,16,10.532069301521641,0.3396377709566493,86944
1431,16,10.533946514443643,0.33987459814603455,86939
1432,16,10.537656392027548,0.3394581985440054,86927
1433,16,10.532322321417862,0.3396030554075022,86919
1434,16,10.531225811778501,0.3396685743214835,86943
1435,16,10.537916738494967,0.3392105534459594,86962
1436,16,10.532396161311157,0.33974643706624635,86919
1437,16,10.531595561991297,0.3397497143508866,86935
1438,16,10.53605731575438,0.3392811730924484,86967
1439,16,10.53504441127012,0.339367930363934,86984
1440,16,10.533952622816212,0.33937832879870844,86942
1441,16,10.532697563836107,0.33923119850514105,86972
1442,16,10.533709658575443,0.33984322932018735,86968
1443,16,10.533320132139938,0.33957475233923334,86933
1444,16,10.536224408100036,0.33909376698725563,86946
1445,16,10.536143875399194,0.33941624875363147,86958
1446,16,10.533468581190888,0.34008018491578723,86941
1447,16,10.54019242046803,0.33965918704807235,86928
1448,16,10.535106881374645,0.3390137769908495,86948
1449,16,10.536578104624756,0.339338816757381,86929
1450,16,10.535846971307977,0.3398749136416297,86955
1451,16,10.532063089276763,0.33920851251112727,86913
1452,16,10.53755024394282,0.33888887192966244,86965
1453,16,10.533862993106073,0.33945357274891763,86936
1454,16,10.533709658575443,0.33984322932018735,86968
1455,16,10.53456080529492,0.33947541339899323,86946
1456,16,10.533245365735038,0.34000092853072106,86964
1457,16,10.533076740262292,0.33981635520032866,86980
1458,16,10.533468581190888,0.34008018491578723,86941
1459,16,10.533644302934022,0.33939443629755167,86978
1460,16,10.53283747092664,0.3395586655337748,86909
1461,16,10.533655659745332,0.33922776738850363,86973
1462,16,10.5353803863953,0.3395104205179358,86920
1463,16,10.532396161311157,0.33974643706624635,86919
1464,16,10.531915135260611,0.3393384972840266,86957
1465,16,10.533457399836449,0.3398763540055371,86971
1466,16,10.537656392027548,0.3394581985440054,86927
1467,16,10.53308161542844,0.33960193911464,86959
1468,16,10.532697563836107,0.33923119850514105,86972
1469,16,10.53766485179627,0.33972837639962156,86965
1470,16,10.535767647896698,0.3391967742841994,86984
1471,16,10.533185262916266,0.3394182041929023,86925
1472,16,10.533174538905339,0.3401860430160116,86974
1473,16,10.53247225710401,0.33927573462782035,86943
1474,16,10.535456501657489,0.3393239106232311,86977
1475,16,10.534688782224634,0.3389096931244518,86935
1476,16,10.533320132139938,0.33957475233923334,86933
1477,16,10.536578104624756,0.339338816757381,86929
1478,16,10.537292095299202,0.33991715546528806,86961
1479,16,10.535706745392643,0.33907679417184655,86970
1480,16,10.536616845072473,0.33985343379736166,86924
1481,16,10.532826131221547,0.339497274138235,86938
1482,16,10.538262931742597,0.33924529738327736,86936
1483,16,10.533018324593664,0.33930983910151213,86912
1484,16,10.534672060745049,0.3389838072120582,86956
1485,16,10.533291692149827,0.33925533776254796,86919
1486,16,10.535767647896698,0.3391967742841994,86984
1487,16,10.535456501657489,0.3393239106232311,86977
1488,16,10.538959685375726,0.3393455022932622,86972
1489,16,10.5351757867197,0.3392454259668614,86971
1490,16,10.533446182031636,0.3395114926423347,86938
1491,16,10.534748023815354,0.33959670722265917,86974
1492,16,10.535284364239521,0.3396920665663498,86965
1493,16,10.535222931045604,0.33929909245124573,86907
1494,16,10.532220094931482,0.3394777286462077,86929
1495,16,10.532342489294654,0.33966738438366595,86933
1496,16,10.535069288337102,0.33950319801543793,86956
1497,16,10.535919730166203,0.33899679813393163,86968
1498,16,10.533952622816212,0.33937832879870844,86942
1499,16,10.532790314478511,0.34013168033549984,86958
1500,16,10.532069301521641,0.3396377709566493,86944
1501,16,10.534210487404172,0.33905625298750924,86954
1502,16,10.536175152546438,0.33987494637039545,86913
1503,16,10.535346494426738,0.3392742976297126,86951
1504,16,10.533471545573976,0.3395010950223416,86943
1505,16,10.532951813407122,0.3400898365388005,86936
1506,16,10.53615190894542,0.339432589442756,86927
1507,16,10.534342796728094,0.33904055617419987,86947
1508,16,10.53615190894542,0.339432589442756,86927
1509,16,10.532826131221547,0.339497274138235,86938
1510,16,10.53277469178325,0.34019655840406976,86966
1511,16,10.531225811778501,0.3396685743214835,86943
1512,16,10.534748023815354,0.33959670722265917,86974
1513,16,10.532678507680444,0.3398649548206134,86966
1514,16,10.53362501563501,0.33988200013708175,86938
1515,16,10.534748023815354,0.33959670722265917,86974
1516,16,10.535919730166203,0.33899679813393163,86968
1517,16,10.53408034482943,0.3396111605185299,86958
1518,17,10.552002575668938,0.33248581024751844,87245
1519,17,10.551582558209805,0.3318511778017828,87196
1520,17,10.55238271048168,0.3323970544062303,87218
1521,17,10.554101884737157,0.33189518217986314,87233
1522,17,10.552792449367871,0.3321885420802778,87210
1523,17,10.55271896603067,0.33218321833940945,87251
1524,17,10.556037451067086,0.33215800352983776,87233
1525,17,10.552135879115125,0.33209991974902475,87217
1526,17,10.552924783530955,0.33202925577688475,87224
1527,17,10.550871121264715,0.33218197609328654,87224
1528,17,10.554439041590776,0.33183197206730586,87239
1529,17,10.553123945056873,0.3321617737042692,87217
1530,17,10.554421303086015,0.331697220004429,87230
1531,17,10.55518876063892,0.3321919381909913,87198
1532,17,10.551636282689412,0.33206715272186155,87207
1533,17,10.552595925750618,0.33185124732895194,87223
1534,17,10.55231824417218,0.33234489253435084,87217
1535,17,10.552712095482999,0.33241445413015885,87219
1536,18,10.569815468743895,0.3252165522251177,87446
